user_id,song_id,play_count,user_index,song_index
0045a9c9c32bef5db96a9cc168c0d756b37142ac,SOPSYSC12A8C13DFC0,3,392.0,6652.0
0045a9c9c32bef5db96a9cc168c0d756b37142ac,SOUZZNN12AB01879D6,1,392.0,1534.0
0045a9c9c32bef5db96a9cc168c0d756b37142ac,SOGZRJB12AF729B60F,5,392.0,3935.0
0045a9c9c32bef5db96a9cc168c0d756b37142ac,SOHXMZQ12AAFF4444F,1,392.0,4218.0
0045a9c9c32bef5db96a9cc168c0d756b37142ac,SOPMVTW12AF72A720A,10,392.0,6579.0
0045a9c9c32bef5db96a9cc168c0d756b37142ac,SOAXYPG12A8C1403DD,1,392.0,2026.0
0045a9c9c32bef5db96a9cc168c0d756b37142ac,SOLHGCU12A8C142620,3,392.0,1137.0
0045a9c9c32bef5db96a9cc168c0d756b37142ac,SOQTYPY12A8C13F642,1,392.0,1366.0
0045a9c9c32bef5db96a9cc168c0d756b37142ac,SOOJXLN12A6D4F781C,2,392.0,6225.0
0045a9c9c32bef5db96a9cc168c0d756b37142ac,SOVRBIA12AF72AA14C,8,392.0,8359.0
0045a9c9c32bef5db96a9cc168c0d756b37142ac,SOWPLVJ12AB0183586,2,392.0,316.0
0045a9c9c32bef5db96a9cc168c0d756b37142ac,SODILDI12A6D4F7FCF,1,392.0,2747.0
0045a9c9c32bef5db96a9cc168c0d756b37142ac,SOAMMXF12AB0181A90,7,392.0,1884.0
010b4ab757aa5729d1487b0012c14767f38a7ef8,SOLRUEZ12A67AE0ECA,1,672.0,5411.0
010b4ab757aa5729d1487b0012c14767f38a7ef8,SOUJPPX12A8C13F844,1,672.0,8025.0
010b4ab757aa5729d1487b0012c14767f38a7ef8,SOCPROP12A8C1336EE,5,672.0,2532.0
010b4ab757aa5729d1487b0012c14767f38a7ef8,SOXOLWF12A8C13F86D,1,672.0,8903.0
010b4ab757aa5729d1487b0012c14767f38a7ef8,SOFWYOV12A67AE0EC6,1,672.0,898.0
010b4ab757aa5729d1487b0012c14767f38a7ef8,SOQJYWS12A67AE0EC9,1,672.0,1349.0
010b4ab757aa5729d1487b0012c14767f38a7ef8,SONFQOH12A8C13FC79,1,672.0,5884.0
010b4ab757aa5729d1487b0012c14767f38a7ef8,SOVIXHN12A8C13FC85,1,672.0,8287.0
01b7f41dad582528cad4f31a366da948a8670703,SOSMXVH12A58A7CA6C,1,977.0,1429.0
01b7f41dad582528cad4f31a366da948a8670703,SODHXDO12A8C13A37A,1,977.0,379.0
01b7f41dad582528cad4f31a366da948a8670703,SOQZYQH12A8AE468E5,1,977.0,140.0
01b7f41dad582528cad4f31a366da948a8670703,SOEPJPV12A8C13DE9F,1,977.0,846.0
01b7f41dad582528cad4f31a366da948a8670703,SOBONKR12A58A7A7E0,27,977.0,5.0
0204430bf81ba0bff0a52c6536c29a7e312de650,SOARTRF12AB0181F4D,1,991.0,668.0
0204430bf81ba0bff0a52c6536c29a7e312de650,SOBONKR12A58A7A7E0,2,991.0,5.0
0204430bf81ba0bff0a52c6536c29a7e312de650,SOMGVYU12A8C1314FF,1,991.0,51.0
0204430bf81ba0bff0a52c6536c29a7e312de650,SOBERSI12A8C132438,1,991.0,2111.0
0204430bf81ba0bff0a52c6536c29a7e312de650,SOSEFTI12A6310E82D,1,991.0,7381.0
01ba7ed5d476e22ea3720f24601ada629d74bd8a,SOZGDUH12AF72A6DB2,1,691.0,1710.0
01ba7ed5d476e22ea3720f24601ada629d74bd8a,SOYFQVR12AB018ACA5,1,691.0,629.0
01ba7ed5d476e22ea3720f24601ada629d74bd8a,SOIMDZL12A6D4F6EB1,5,691.0,4382.0
01ba7ed5d476e22ea3720f24601ada629d74bd8a,SOFVUHW12A8C133115,3,691.0,3525.0
01ba7ed5d476e22ea3720f24601ada629d74bd8a,SOGXSHA12AB0182AA6,1,691.0,947.0
01ba7ed5d476e22ea3720f24601ada629d74bd8a,SOEWANZ12A6702186C,1,691.0,3230.0
01ba7ed5d476e22ea3720f24601ada629d74bd8a,SOKQJDI12AB0182A93,1,691.0,1106.0
01ba7ed5d476e22ea3720f24601ada629d74bd8a,SOMNGMO12A6702187E,2,691.0,484.0
019db1a03fee2c284e0fb1a6f9de95fc70eddb9e,SOETFVO12AB018DFF3,1,505.0,853.0
019db1a03fee2c284e0fb1a6f9de95fc70eddb9e,SOAJHLR12A8C13CC11,1,505.0,1835.0
019db1a03fee2c284e0fb1a6f9de95fc70eddb9e,SOHXWUX12AB01821DC,1,505.0,433.0
019db1a03fee2c284e0fb1a6f9de95fc70eddb9e,SOOTKWZ12AB0181082,1,505.0,77.0
019db1a03fee2c284e0fb1a6f9de95fc70eddb9e,SOIVBTY12A8C13A505,1,505.0,1028.0
019db1a03fee2c284e0fb1a6f9de95fc70eddb9e,SOJVRVE12A8C1353D0,1,505.0,1079.0
019db1a03fee2c284e0fb1a6f9de95fc70eddb9e,SOFRCGW12A81C21EA6,2,505.0,48.0
019db1a03fee2c284e0fb1a6f9de95fc70eddb9e,SOAUWYT12A81C206F1,2,505.0,1.0
019db1a03fee2c284e0fb1a6f9de95fc70eddb9e,SONVHDR12A8C139B44,1,505.0,505.0
019db1a03fee2c284e0fb1a6f9de95fc70eddb9e,SOQCGHN12AB0181246,5,505.0,283.0
019db1a03fee2c284e0fb1a6f9de95fc70eddb9e,SOWEFXC12A6D4FA230,27,505.0,604.0
0228086061cd915d93acd76310af01d1a9bbc221,SOMNTMT12A8C1400F6,1,631.0,136.0
0228086061cd915d93acd76310af01d1a9bbc221,SOCVUET12AB01804C0,8,631.0,766.0
0228086061cd915d93acd76310af01d1a9bbc221,SOENACM12AB0184839,9,631.0,3126.0
0228086061cd915d93acd76310af01d1a9bbc221,SOKKCTL12A58291214,3,631.0,5014.0
0228086061cd915d93acd76310af01d1a9bbc221,SOPWWIR12A8C13A4B8,1,631.0,535.0
0228086061cd915d93acd76310af01d1a9bbc221,SOLFXKT12AB017E3E0,8,631.0,11.0
0228086061cd915d93acd76310af01d1a9bbc221,SODASIJ12A6D4F5D89,4,631.0,221.0
0228086061cd915d93acd76310af01d1a9bbc221,SOBABSR12A58A7AD93,4,631.0,686.0
0228086061cd915d93acd76310af01d1a9bbc221,SOJEIJM12A6D4F98C7,1,631.0,4621.0
010f6d7725c5ac6087851f9413f323f81e17eed9,SOZWEOD12AB01876EC,1,440.0,1733.0
010f6d7725c5ac6087851f9413f323f81e17eed9,SOTMKZF12AB0187412,15,440.0,573.0
010f6d7725c5ac6087851f9413f323f81e17eed9,SOFNVBL12A6D4F9F78,1,440.0,3408.0
010f6d7725c5ac6087851f9413f323f81e17eed9,SONFEUF12AAF3B47E3,17,440.0,5875.0
010f6d7725c5ac6087851f9413f323f81e17eed9,SOPIBLV12A8C136C2A,1,440.0,1298.0
010f6d7725c5ac6087851f9413f323f81e17eed9,SOYHCYU12A6701FBC2,2,440.0,9104.0
010f6d7725c5ac6087851f9413f323f81e17eed9,SOCCHGF12A8C13FFBF,1,440.0,723.0
010f6d7725c5ac6087851f9413f323f81e17eed9,SOUNJIO12AB0181339,2,440.0,26.0
010f6d7725c5ac6087851f9413f323f81e17eed9,SOGAGAT12A6D4FAF3D,2,440.0,409.0
010f6d7725c5ac6087851f9413f323f81e17eed9,SOPZFOA12A8C13849F,1,440.0,6735.0
010f6d7725c5ac6087851f9413f323f81e17eed9,SOOJMUX12A58A76D02,1,440.0,6220.0
010f6d7725c5ac6087851f9413f323f81e17eed9,SOHGBHN12A6701F082,5,440.0,962.0
009ea6e7fdb9a1233d9ee219fc1bd6ab2d17cf94,SOZUUZN12A58A7AF12,1,655.0,9547.0
009ea6e7fdb9a1233d9ee219fc1bd6ab2d17cf94,SOVYLLS12A8C141AE3,5,655.0,8444.0
009ea6e7fdb9a1233d9ee219fc1bd6ab2d17cf94,SOXTAIG12A8C1412B0,1,655.0,1657.0
009ea6e7fdb9a1233d9ee219fc1bd6ab2d17cf94,SOXVZVM12A8C13C3B6,1,655.0,8978.0
009ea6e7fdb9a1233d9ee219fc1bd6ab2d17cf94,SOVDBGT12A58A7D770,1,655.0,8218.0
009ea6e7fdb9a1233d9ee219fc1bd6ab2d17cf94,SOEQQDM12A8C1380A3,4,655.0,3167.0
009ea6e7fdb9a1233d9ee219fc1bd6ab2d17cf94,SOOPMHY12A8C142BFD,5,655.0,6295.0
009ea6e7fdb9a1233d9ee219fc1bd6ab2d17cf94,SOFJDJR12AB017C02D,1,655.0,3359.0
01a58692403607ba51f9effb68aa0d6ec7673a5b,SOLYWID12A6311082C,1,93.0,5489.0
01a58692403607ba51f9effb68aa0d6ec7673a5b,SOSULBB12A6D4F718A,2,93.0,7577.0
01a58692403607ba51f9effb68aa0d6ec7673a5b,SOKKUJN12A63110824,1,93.0,1101.0
01a58692403607ba51f9effb68aa0d6ec7673a5b,SOISECZ12A8C136DFB,1,93.0,4466.0
01a58692403607ba51f9effb68aa0d6ec7673a5b,SOUJWJW12A63110848,1,93.0,8028.0
01a58692403607ba51f9effb68aa0d6ec7673a5b,SOBYZRW12A58A7ABF1,2,93.0,720.0
01a58692403607ba51f9effb68aa0d6ec7673a5b,SODZZYS12A6D4FD535,1,93.0,2966.0
01a58692403607ba51f9effb68aa0d6ec7673a5b,SOKHQFG12AB018ACBC,1,93.0,4981.0
01a58692403607ba51f9effb68aa0d6ec7673a5b,SOWYNXF12AB01845CA,2,93.0,8714.0
01a58692403607ba51f9effb68aa0d6ec7673a5b,SOVAHZK12A6310F23C,2,93.0,8198.0
01a58692403607ba51f9effb68aa0d6ec7673a5b,SOZZISR12A6D4F9391,2,93.0,9599.0
01a58692403607ba51f9effb68aa0d6ec7673a5b,SONFMXQ12AF72A8391,1,93.0,5879.0
01a58692403607ba51f9effb68aa0d6ec7673a5b,SOGVVDQ12A6D4F893F,2,93.0,3880.0
01a58692403607ba51f9effb68aa0d6ec7673a5b,SODWDMA12A8C14452A,1,93.0,2913.0
01a58692403607ba51f9effb68aa0d6ec7673a5b,SOXDEDR12A8AE452CC,1,93.0,1628.0
01a58692403607ba51f9effb68aa0d6ec7673a5b,SOFBFBF12A8C1325F3,1,93.0,3278.0
01a58692403607ba51f9effb68aa0d6ec7673a5b,SOVDIAX12A6D4F722A,2,93.0,8222.0
01a58692403607ba51f9effb68aa0d6ec7673a5b,SOTWWXM12A6311084B,1,93.0,7883.0
01a58692403607ba51f9effb68aa0d6ec7673a5b,SODERTM12A6311081F,1,93.0,2704.0
01a58692403607ba51f9effb68aa0d6ec7673a5b,SOHWEKY12A58A817A5,1,93.0,4198.0
01a58692403607ba51f9effb68aa0d6ec7673a5b,SOWDKNI12A3F1EB619,2,93.0,8498.0
01a58692403607ba51f9effb68aa0d6ec7673a5b,SOFAONV12A67020E43,1,93.0,3270.0
01a58692403607ba51f9effb68aa0d6ec7673a5b,SOIQBEV12A6D4F9A6E,3,93.0,4440.0
01a58692403607ba51f9effb68aa0d6ec7673a5b,SOMRRQY12A8C1414FC,1,93.0,486.0
01a58692403607ba51f9effb68aa0d6ec7673a5b,SOJPNVT12A6310E355,1,93.0,1063.0
01a58692403607ba51f9effb68aa0d6ec7673a5b,SOBXLTA12AB017DE82,1,93.0,2318.0
0126bc66b79a8c0c499cab9ff3f96ac7b63d7395,SOOHNBB12A6D4F74F8,18,265.0,6202.0
0126bc66b79a8c0c499cab9ff3f96ac7b63d7395,SOMIKKB12AB01890D0,14,265.0,1175.0
0126bc66b79a8c0c499cab9ff3f96ac7b63d7395,SOGPBAW12A6D4F9F22,4,265.0,41.0
0126bc66b79a8c0c499cab9ff3f96ac7b63d7395,SOFRQTD12A81C233C0,7,265.0,0.0
0126bc66b79a8c0c499cab9ff3f96ac7b63d7395,SOLJZIL12A8AE48884,1,265.0,5315.0
0126bc66b79a8c0c499cab9ff3f96ac7b63d7395,SOXSTGL12AB01898C8,12,265.0,8941.0
0126bc66b79a8c0c499cab9ff3f96ac7b63d7395,SOWQHUP12AB017C658,18,265.0,607.0
0126bc66b79a8c0c499cab9ff3f96ac7b63d7395,SOOCICG12A8AE49309,7,265.0,1258.0
0126bc66b79a8c0c499cab9ff3f96ac7b63d7395,SOJEOBI12A67020189,8,265.0,1045.0
0126bc66b79a8c0c499cab9ff3f96ac7b63d7395,SOQKBIT12A6D4FA8BF,2,265.0,540.0
0126bc66b79a8c0c499cab9ff3f96ac7b63d7395,SOPUFLQ12A8C13B1A1,16,265.0,6668.0
0126bc66b79a8c0c499cab9ff3f96ac7b63d7395,SOGFLLV12AB017DE0C,3,265.0,3659.0
0126bc66b79a8c0c499cab9ff3f96ac7b63d7395,SOSAZWK12AC468D8C2,4,265.0,7339.0
0126bc66b79a8c0c499cab9ff3f96ac7b63d7395,SOOCMIB12A8C13E465,1,265.0,6135.0
0126bc66b79a8c0c499cab9ff3f96ac7b63d7395,SOUFTBI12AB0183F65,19,265.0,21.0
0126bc66b79a8c0c499cab9ff3f96ac7b63d7395,SOTNKKT12A8AE46E50,12,265.0,1475.0
0126bc66b79a8c0c499cab9ff3f96ac7b63d7395,SOZCHCN12AF729FF17,15,265.0,9347.0
00539b30daa6999e65cc44867acac6c336004a02,SOYQYUA12AB018ABC6,1,238.0,9223.0
00539b30daa6999e65cc44867acac6c336004a02,SOAIVMG12A8C141A8A,1,238.0,1826.0
00539b30daa6999e65cc44867acac6c336004a02,SOWFPJD12A8C1326FF,1,238.0,8522.0
00539b30daa6999e65cc44867acac6c336004a02,SOLISJF12A8C141A61,1,238.0,5295.0
00539b30daa6999e65cc44867acac6c336004a02,SODJQUS12A6701D1D3,1,238.0,786.0
00539b30daa6999e65cc44867acac6c336004a02,SOXEHUH12AB018D1E0,1,238.0,8784.0
00539b30daa6999e65cc44867acac6c336004a02,SOTSJZQ12A8C141A8E,1,238.0,7837.0
00539b30daa6999e65cc44867acac6c336004a02,SOBNVYD12AB018D1E9,1,238.0,2201.0
00539b30daa6999e65cc44867acac6c336004a02,SONQBUB12A6D4F8ED0,1,238.0,499.0
00539b30daa6999e65cc44867acac6c336004a02,SOBSNMM12A8C13F651,1,238.0,2260.0
00539b30daa6999e65cc44867acac6c336004a02,SOWOMMY127F8096DF9,1,238.0,110.0
00539b30daa6999e65cc44867acac6c336004a02,SOBILXS12A6D4F6D25,1,238.0,2150.0
00539b30daa6999e65cc44867acac6c336004a02,SOPDTVU12AB018D1B4,1,238.0,6474.0
00539b30daa6999e65cc44867acac6c336004a02,SORQCKP12A8C141A90,1,238.0,7215.0
00539b30daa6999e65cc44867acac6c336004a02,SONODPK12A8C13F63B,2,238.0,5979.0
00539b30daa6999e65cc44867acac6c336004a02,SONGFOM12A8C141A87,1,238.0,5892.0
00539b30daa6999e65cc44867acac6c336004a02,SOCHRXB12A8AE48069,1,238.0,359.0
00539b30daa6999e65cc44867acac6c336004a02,SOHNGOR12A8C13C105,1,238.0,4097.0
022b026b14e5d06df302cc1232d69aaad1963648,SOXLOQG12AF72A2D55,1,133.0,621.0
022b026b14e5d06df302cc1232d69aaad1963648,SOZPEAB12A8C141176,1,133.0,9476.0
022b026b14e5d06df302cc1232d69aaad1963648,SOKRLQZ12A8C13D997,1,133.0,5092.0
022b026b14e5d06df302cc1232d69aaad1963648,SOGLWGG12A6D4F8046,1,133.0,164.0
022b026b14e5d06df302cc1232d69aaad1963648,SOKEYMD12A6D4F6983,1,133.0,4952.0
022b026b14e5d06df302cc1232d69aaad1963648,SORJLZX12A5891F7A5,1,133.0,1384.0
022b026b14e5d06df302cc1232d69aaad1963648,SOPQRPB12AB0185958,1,133.0,6624.0
022b026b14e5d06df302cc1232d69aaad1963648,SOUNZHU12A8AE47481,1,133.0,82.0
022b026b14e5d06df302cc1232d69aaad1963648,SOHTKMO12AB01843B0,1,133.0,18.0
022b026b14e5d06df302cc1232d69aaad1963648,SODOZXB12A8C13CD55,1,133.0,224.0
022b026b14e5d06df302cc1232d69aaad1963648,SOXGIWN12A6310E0D8,1,133.0,614.0
022b026b14e5d06df302cc1232d69aaad1963648,SOSERZH12A8C142A38,1,133.0,7385.0
022b026b14e5d06df302cc1232d69aaad1963648,SORAGYH12AAA15FD76,1,133.0,285.0
022b026b14e5d06df302cc1232d69aaad1963648,SOBPICV12A8151CDF1,2,133.0,705.0
022b026b14e5d06df302cc1232d69aaad1963648,SONQMNH12A58A7B6AA,1,133.0,5998.0
022b026b14e5d06df302cc1232d69aaad1963648,SOJVRVE12A8C1353D0,1,133.0,1079.0
022b026b14e5d06df302cc1232d69aaad1963648,SORPVDQ12AF72AA0F9,1,133.0,7212.0
022b026b14e5d06df302cc1232d69aaad1963648,SOBGZKT12A8C138A78,1,133.0,2135.0
022b026b14e5d06df302cc1232d69aaad1963648,SODUBRC12AF729E94A,1,133.0,2880.0
022b026b14e5d06df302cc1232d69aaad1963648,SOEGIYH12A6D4FC0E3,1,133.0,8.0
022b026b14e5d06df302cc1232d69aaad1963648,SOBHPQB12A8C13C6A8,1,133.0,2142.0
022b026b14e5d06df302cc1232d69aaad1963648,SONYMUZ12A8C139350,4,133.0,6084.0
022b026b14e5d06df302cc1232d69aaad1963648,SOPMVRA12AB01872D6,1,133.0,1310.0
022b026b14e5d06df302cc1232d69aaad1963648,SOUUJLR12A8C13CAB2,2,133.0,8133.0
002d1f1a39282b2875c08587379d9acf41866d57,SOCJHPS12A6D4F8523,2,257.0,2461.0
002d1f1a39282b2875c08587379d9acf41866d57,SOTVMLE12AB018168E,2,257.0,105.0
002d1f1a39282b2875c08587379d9acf41866d57,SORWGRQ12A8C13FFA1,6,257.0,7296.0
002d1f1a39282b2875c08587379d9acf41866d57,SOSJZPO12A8C13AA82,2,257.0,7460.0
002d1f1a39282b2875c08587379d9acf41866d57,SOQGVCS12AF72A078D,1,257.0,53.0
002d1f1a39282b2875c08587379d9acf41866d57,SOGCFQN12A58A79096,1,257.0,3607.0
002d1f1a39282b2875c08587379d9acf41866d57,SOSHTTP12A8C13ACAC,20,257.0,7427.0
002d1f1a39282b2875c08587379d9acf41866d57,SOQSTMS12A58A7AC66,4,257.0,284.0
002d1f1a39282b2875c08587379d9acf41866d57,SOZOUKH12A8C13E089,1,257.0,9473.0
002d1f1a39282b2875c08587379d9acf41866d57,SOGHSQA12A8C14098E,1,257.0,923.0
002d1f1a39282b2875c08587379d9acf41866d57,SOIZMTQ12AF72A604A,8,257.0,1038.0
002d1f1a39282b2875c08587379d9acf41866d57,SOMSEQC12AB017CD4B,1,257.0,5707.0
002d1f1a39282b2875c08587379d9acf41866d57,SOMZAQO12A6D4FB9E9,7,257.0,5804.0
002d1f1a39282b2875c08587379d9acf41866d57,SOMMJVR12A6D4F98E0,66,257.0,1178.0
002d1f1a39282b2875c08587379d9acf41866d57,SOMFUWK12A6D4F8AFA,13,257.0,1171.0
002d1f1a39282b2875c08587379d9acf41866d57,SOIMCDE12A6D4F8383,23,257.0,126.0
002d1f1a39282b2875c08587379d9acf41866d57,SOVMIYF12AF72A0020,29,257.0,8316.0
0027bd60fea07d48fa336a979f9fa439bebb44fb,SOUSQYR12A6D4F74C1,6,189.0,1521.0
0027bd60fea07d48fa336a979f9fa439bebb44fb,SOTZOSL12A6D4F7793,1,189.0,585.0
0027bd60fea07d48fa336a979f9fa439bebb44fb,SOKIYKQ12A8AE464FC,2,189.0,175.0
0027bd60fea07d48fa336a979f9fa439bebb44fb,SOWEHOM12A6BD4E09E,2,189.0,38.0
0027bd60fea07d48fa336a979f9fa439bebb44fb,SOFKEDR12A8C13D381,4,189.0,3371.0
0027bd60fea07d48fa336a979f9fa439bebb44fb,SOCJAMC12A8C13F245,6,189.0,741.0
0027bd60fea07d48fa336a979f9fa439bebb44fb,SOGQJQX12A6D4F7E5B,2,189.0,3787.0
0027bd60fea07d48fa336a979f9fa439bebb44fb,SOKMHKY12AF72AB079,7,189.0,96.0
0027bd60fea07d48fa336a979f9fa439bebb44fb,SOSXLTC12AF72A7F54,2,189.0,4.0
0027bd60fea07d48fa336a979f9fa439bebb44fb,SOJVZHE12B0B8065FC,1,189.0,1080.0
0027bd60fea07d48fa336a979f9fa439bebb44fb,SOFVZRE12A8C139783,5,189.0,89.0
0027bd60fea07d48fa336a979f9fa439bebb44fb,SODAIMX12A6D4F74D6,6,189.0,773.0
0027bd60fea07d48fa336a979f9fa439bebb44fb,SOYGKHG12AB01804C8,6,189.0,9099.0
0027bd60fea07d48fa336a979f9fa439bebb44fb,SOYZFBN12A8C134D39,25,189.0,1701.0
0027bd60fea07d48fa336a979f9fa439bebb44fb,SOKFFGS12AB0184771,1,189.0,4954.0
0027bd60fea07d48fa336a979f9fa439bebb44fb,SOPVHBU12A6D4F9108,5,189.0,6682.0
0027bd60fea07d48fa336a979f9fa439bebb44fb,SOIBLKQ12AB0183E85,5,189.0,240.0
0027bd60fea07d48fa336a979f9fa439bebb44fb,SONTHNH12AB0187844,6,189.0,6024.0
0027bd60fea07d48fa336a979f9fa439bebb44fb,SOVRIPE12A6D4FEA19,4,189.0,201.0
0027bd60fea07d48fa336a979f9fa439bebb44fb,SOJYBJZ12AB01801D0,3,189.0,130.0
00f09ee3d5e09e51c687471dbe378ab4ee85730a,SOOQILK12A8C13135E,2,241.0,6301.0
00f09ee3d5e09e51c687471dbe378ab4ee85730a,SOAEIKA12AB017E908,1,241.0,1785.0
00f09ee3d5e09e51c687471dbe378ab4ee85730a,SOYAFGE12A8C13761E,1,241.0,9027.0
00f09ee3d5e09e51c687471dbe378ab4ee85730a,SOAPBTS12AF729BFB8,2,241.0,664.0
00f09ee3d5e09e51c687471dbe378ab4ee85730a,SOEPJPV12A8C13DE9F,2,241.0,846.0
00f09ee3d5e09e51c687471dbe378ab4ee85730a,SOIIVGZ12A8C1320CF,1,241.0,4351.0
00f09ee3d5e09e51c687471dbe378ab4ee85730a,SOUTJYC12A6D4FB439,2,241.0,8128.0
00f09ee3d5e09e51c687471dbe378ab4ee85730a,SOPLPJX12A8AE47756,1,241.0,6569.0
00f09ee3d5e09e51c687471dbe378ab4ee85730a,SOGPBAW12A6D4F9F22,1,241.0,41.0
00f09ee3d5e09e51c687471dbe378ab4ee85730a,SOLEEYV12B0B80AD94,1,241.0,1133.0
00f09ee3d5e09e51c687471dbe378ab4ee85730a,SOXQYSC12A6310E908,1,241.0,27.0
00f09ee3d5e09e51c687471dbe378ab4ee85730a,SOJVFKF12A8C136343,1,241.0,4821.0
00f09ee3d5e09e51c687471dbe378ab4ee85730a,SOKXLFB12A8C137805,1,241.0,5165.0
00f09ee3d5e09e51c687471dbe378ab4ee85730a,SOWOMMY127F8096DF9,1,241.0,110.0
00f09ee3d5e09e51c687471dbe378ab4ee85730a,SOVEBHA12A6701D223,1,241.0,8234.0
00f09ee3d5e09e51c687471dbe378ab4ee85730a,SOVVYRW12A8C1325FE,1,241.0,8410.0
00f09ee3d5e09e51c687471dbe378ab4ee85730a,SOJVNMX12A6702151D,2,241.0,4828.0
00f09ee3d5e09e51c687471dbe378ab4ee85730a,SOKJYXL12A6D4F8248,1,241.0,5011.0
01273f1895840c90759f292b90c11eda59a013f0,SOCFGIT12A8C13E64F,2,443.0,2411.0
01273f1895840c90759f292b90c11eda59a013f0,SOHIROU12AB01852AF,1,443.0,426.0
01273f1895840c90759f292b90c11eda59a013f0,SORRCNC12A8C13FDA9,1,443.0,1390.0
01273f1895840c90759f292b90c11eda59a013f0,SOUKTVI12A8C13BF74,1,443.0,8042.0
01273f1895840c90759f292b90c11eda59a013f0,SOAXGDH12A8C13F8A1,26,443.0,2.0
01273f1895840c90759f292b90c11eda59a013f0,SONUEHX12AB017DB2C,5,443.0,503.0
01273f1895840c90759f292b90c11eda59a013f0,SOILFUU12AB017C75F,10,443.0,125.0
01273f1895840c90759f292b90c11eda59a013f0,SOCESFW12A58A7DC8C,5,443.0,2403.0
01273f1895840c90759f292b90c11eda59a013f0,SOINKVP12A8C13BF5D,1,443.0,4405.0
01273f1895840c90759f292b90c11eda59a013f0,SOGISVQ12A8C13AE9B,1,443.0,3695.0
01273f1895840c90759f292b90c11eda59a013f0,SOOWVNN12A8C140775,7,443.0,279.0
01273f1895840c90759f292b90c11eda59a013f0,SOHNOOC12A8C13BF35,1,443.0,977.0
01315ac17bcff3c0631be5f49e765628b9ad5b07,SOJHUQN12A6D4F8EDE,1,403.0,1053.0
01315ac17bcff3c0631be5f49e765628b9ad5b07,SOWOVYH12A58A776C4,1,403.0,8607.0
01315ac17bcff3c0631be5f49e765628b9ad5b07,SOUJVIT12A8C1451C1,19,403.0,81.0
01315ac17bcff3c0631be5f49e765628b9ad5b07,SOWKDIT12A8151AE4E,5,403.0,8563.0
01315ac17bcff3c0631be5f49e765628b9ad5b07,SOVORDN12AF72A4E66,1,403.0,8339.0
01315ac17bcff3c0631be5f49e765628b9ad5b07,SOTCDVY12A6D4F7CF4,22,403.0,7661.0
01315ac17bcff3c0631be5f49e765628b9ad5b07,SOMPOXS12AF729BBEF,1,403.0,5670.0
01315ac17bcff3c0631be5f49e765628b9ad5b07,SOPZXWU12AB018228C,1,403.0,6741.0
01315ac17bcff3c0631be5f49e765628b9ad5b07,SOYDERO12A6D4F72BC,1,403.0,9062.0
01315ac17bcff3c0631be5f49e765628b9ad5b07,SOGZQVP12AB0180A06,4,403.0,3934.0
01315ac17bcff3c0631be5f49e765628b9ad5b07,SOXVLPD12A8C138383,3,403.0,8972.0
01315ac17bcff3c0631be5f49e765628b9ad5b07,SOPQLJJ12A8AE47E2D,1,403.0,6621.0
01315ac17bcff3c0631be5f49e765628b9ad5b07,SOCXWJA12AB0189D52,1,403.0,2621.0
0127a08c61092921634cac8d7b97d5dcbed2092c,SOCXIMB12AC3DFA9F5,1,748.0,2617.0
0127a08c61092921634cac8d7b97d5dcbed2092c,SOMTLAQ12A6D4F7D59,1,748.0,5729.0
0127a08c61092921634cac8d7b97d5dcbed2092c,SOCMHES12AB0186FCF,1,748.0,750.0
0127a08c61092921634cac8d7b97d5dcbed2092c,SOTSJDX12AF72A9AFD,1,748.0,579.0
0127a08c61092921634cac8d7b97d5dcbed2092c,SOGTHSZ12A6D4F68BC,1,748.0,3843.0
0127a08c61092921634cac8d7b97d5dcbed2092c,SOOSZAZ12A6D4FADF8,1,748.0,1283.0
0127a08c61092921634cac8d7b97d5dcbed2092c,SOYZCKT12A58A79036,1,748.0,9316.0
0158c3eed5c409c21147dccdb23efe615304f38e,SOBZJVD12A8C13C796,2,61.0,350.0
0158c3eed5c409c21147dccdb23efe615304f38e,SORVEKH12A6D4F6CF2,3,61.0,7281.0
0158c3eed5c409c21147dccdb23efe615304f38e,SORQQVH12A670215BB,2,61.0,1389.0
0158c3eed5c409c21147dccdb23efe615304f38e,SOQKKEZ12A6D4FA3FD,1,61.0,6863.0
0158c3eed5c409c21147dccdb23efe615304f38e,SOEKNMO12AF72A1918,1,61.0,389.0
0158c3eed5c409c21147dccdb23efe615304f38e,SOTEFLI12A6D4F4771,8,61.0,7682.0
0158c3eed5c409c21147dccdb23efe615304f38e,SOYWLUN12A670202F6,1,61.0,9280.0
0158c3eed5c409c21147dccdb23efe615304f38e,SOHVOHH12A67FFB328,1,61.0,4194.0
0158c3eed5c409c21147dccdb23efe615304f38e,SOKCORQ12A58A7C74D,1,61.0,4918.0
0158c3eed5c409c21147dccdb23efe615304f38e,SOYRRNW12AB017FC36,1,61.0,1686.0
0158c3eed5c409c21147dccdb23efe615304f38e,SOXATNB12A67021530,2,61.0,1623.0
0158c3eed5c409c21147dccdb23efe615304f38e,SOPVAVX12A6701F353,1,61.0,6679.0
0158c3eed5c409c21147dccdb23efe615304f38e,SOFPJGB12A8C143EA1,3,61.0,403.0
0158c3eed5c409c21147dccdb23efe615304f38e,SOQBTMJ12A6D4FA41D,3,61.0,6757.0
0158c3eed5c409c21147dccdb23efe615304f38e,SOUYQRD12A67020AEA,3,61.0,1532.0
0158c3eed5c409c21147dccdb23efe615304f38e,SOOOLXL12AF72A1B61,1,61.0,1276.0
0158c3eed5c409c21147dccdb23efe615304f38e,SODLFIT12A8C1373E3,1,61.0,2779.0
0158c3eed5c409c21147dccdb23efe615304f38e,SOSOPTO12A8AE47E4A,1,61.0,1431.0
0158c3eed5c409c21147dccdb23efe615304f38e,SOUANOU12A81C21E5F,1,61.0,7917.0
0158c3eed5c409c21147dccdb23efe615304f38e,SODOWUC12AC9097E76,1,61.0,47.0
0158c3eed5c409c21147dccdb23efe615304f38e,SOXGDOO12A6D4F9748,3,61.0,8800.0
0158c3eed5c409c21147dccdb23efe615304f38e,SOCYOTN12A8C13A4B1,9,61.0,373.0
0158c3eed5c409c21147dccdb23efe615304f38e,SOYCWZQ12A6701F1FC,2,61.0,9057.0
0158c3eed5c409c21147dccdb23efe615304f38e,SOHYSXA12AB0186704,3,61.0,33.0
0158c3eed5c409c21147dccdb23efe615304f38e,SOXLBMW12AB017E56E,1,61.0,8851.0
0158c3eed5c409c21147dccdb23efe615304f38e,SOCRYUK12AC95F0772,14,61.0,367.0
0158c3eed5c409c21147dccdb23efe615304f38e,SODJPQA12A81C20609,5,61.0,785.0
0158c3eed5c409c21147dccdb23efe615304f38e,SOGPBAW12A6D4F9F22,4,61.0,41.0
00847cafdfec65e7b4db5b6c084996ad324d6c29,SOUFRMB12A67AE24CD,5,651.0,7974.0
00847cafdfec65e7b4db5b6c084996ad324d6c29,SOARADY12A58A7B8AB,5,651.0,1944.0
00847cafdfec65e7b4db5b6c084996ad324d6c29,SONGCCY12A67021505,16,651.0,1218.0
00847cafdfec65e7b4db5b6c084996ad324d6c29,SOOBDRI12A8C132391,4,651.0,272.0
00847cafdfec65e7b4db5b6c084996ad324d6c29,SOJDVCO12AC468533A,5,651.0,4614.0
00847cafdfec65e7b4db5b6c084996ad324d6c29,SONTFSP12A6D4FAFE0,4,651.0,6023.0
00847cafdfec65e7b4db5b6c084996ad324d6c29,SOTFJGS12AB017F577,1,651.0,296.0
00847cafdfec65e7b4db5b6c084996ad324d6c29,SOITMVX12AF72A089F,5,651.0,1025.0
0119001362f891053b133e1012df31d574c56ef8,SOHCDOS12A8AE44A4A,1,318.0,3969.0
0119001362f891053b133e1012df31d574c56ef8,SOMONAP12AB0181D21,1,318.0,5658.0
0119001362f891053b133e1012df31d574c56ef8,SOSGAIT12AB018CC18,1,318.0,563.0
0119001362f891053b133e1012df31d574c56ef8,SOJHVZZ12A58A75BBE,3,318.0,1054.0
0119001362f891053b133e1012df31d574c56ef8,SOVAJLY12A6D4FDC72,13,318.0,1537.0
0119001362f891053b133e1012df31d574c56ef8,SOLRGNF12AB0187CF4,2,318.0,98.0
0119001362f891053b133e1012df31d574c56ef8,SOPZBVQ12AF72A21E6,3,318.0,1330.0
0119001362f891053b133e1012df31d574c56ef8,SOHSWPV12A8C138D13,1,318.0,989.0
0119001362f891053b133e1012df31d574c56ef8,SOBQLDU12A8C13C20B,1,318.0,710.0
0119001362f891053b133e1012df31d574c56ef8,SOHSWUU12AB01843AE,1,318.0,4163.0
0119001362f891053b133e1012df31d574c56ef8,SOOUYSC12AF729E6D9,1,318.0,6366.0
0119001362f891053b133e1012df31d574c56ef8,SOEQAFI12A6D4F9673,1,318.0,849.0
0119001362f891053b133e1012df31d574c56ef8,SOGVXWR12AB01821A2,1,318.0,942.0
0119001362f891053b133e1012df31d574c56ef8,SOWRTJD12A8C132704,1,318.0,205.0
0119001362f891053b133e1012df31d574c56ef8,SOBEVGM12A67ADBCA7,1,318.0,341.0
01e272cbb2fb71b392b7374c5dbdd6ebdf7a1f2e,SOLZYFN12AF729F78B,1,864.0,5496.0
01e272cbb2fb71b392b7374c5dbdd6ebdf7a1f2e,SOCAPJI12A8C143B34,1,864.0,2363.0
01e272cbb2fb71b392b7374c5dbdd6ebdf7a1f2e,SOEZQPJ12A81C206E7,1,864.0,3261.0
01e272cbb2fb71b392b7374c5dbdd6ebdf7a1f2e,SODSBRF12A8AE46C46,1,864.0,2857.0
01e272cbb2fb71b392b7374c5dbdd6ebdf7a1f2e,SOGDLSU12AF72A4C7E,2,864.0,916.0
01e272cbb2fb71b392b7374c5dbdd6ebdf7a1f2e,SOOBUXN12AB01887FA,13,864.0,1257.0
01e435cb34c98abf1b81574919a4876671449afb,SODZLWJ12AF729FB85,1,572.0,811.0
01e435cb34c98abf1b81574919a4876671449afb,SOYEQLD12AB017C713,1,572.0,9083.0
01e435cb34c98abf1b81574919a4876671449afb,SOHFSSJ12AB0184CFB,1,572.0,960.0
01e435cb34c98abf1b81574919a4876671449afb,SOXIIIM12A6D4F66C8,1,572.0,8821.0
01e435cb34c98abf1b81574919a4876671449afb,SOJGVYV12AB0185D3A,1,572.0,4657.0
01e435cb34c98abf1b81574919a4876671449afb,SOCGPMY12A67ADA234,1,572.0,732.0
01e435cb34c98abf1b81574919a4876671449afb,SOIWBJU12A6701CBE7,1,572.0,1030.0
01e435cb34c98abf1b81574919a4876671449afb,SOMTWFZ12AB0184E46,1,572.0,1197.0
01e435cb34c98abf1b81574919a4876671449afb,SOKHMWI12A6D4F9764,1,572.0,4980.0
01e435cb34c98abf1b81574919a4876671449afb,SOATJMN12AB0184D1E,1,572.0,215.0
01f9f157bfcbc6e17cbcbeaf42f4163006777a58,SOPVCWI12A8C135F14,5,988.0,6681.0
01f9f157bfcbc6e17cbcbeaf42f4163006777a58,SOCKGNQ12AB0186E2E,5,988.0,2468.0
01f9f157bfcbc6e17cbcbeaf42f4163006777a58,SOPAJGQ12AB017F47D,1,988.0,6434.0
01f9f157bfcbc6e17cbcbeaf42f4163006777a58,SOWAOCL12AB017EDC4,5,988.0,8464.0
01f9f157bfcbc6e17cbcbeaf42f4163006777a58,SOPCMUQ12A67ADA1C3,5,988.0,6456.0
00bc2a7b8181d038c30e4b61f5043eb3ca5c3fc1,SOUAEHH12A8BED02CB,1,358.0,1493.0
00bc2a7b8181d038c30e4b61f5043eb3ca5c3fc1,SOXNOYN12A6D4FB4B4,1,358.0,622.0
00bc2a7b8181d038c30e4b61f5043eb3ca5c3fc1,SOZSOMC12A6D4FA35A,1,358.0,1729.0
00bc2a7b8181d038c30e4b61f5043eb3ca5c3fc1,SOHAHTQ12AB017AA32,1,358.0,956.0
00bc2a7b8181d038c30e4b61f5043eb3ca5c3fc1,SOITBNC12AF72A0B2A,1,358.0,4478.0
00bc2a7b8181d038c30e4b61f5043eb3ca5c3fc1,SOFLJQZ12A6D4FADA6,1,358.0,9.0
00bc2a7b8181d038c30e4b61f5043eb3ca5c3fc1,SOHYRWW12A6D4F7A41,1,358.0,995.0
00bc2a7b8181d038c30e4b61f5043eb3ca5c3fc1,SODFLBU12A6D4FA5F2,1,358.0,2714.0
00bc2a7b8181d038c30e4b61f5043eb3ca5c3fc1,SOPKMSM12AAA15FB7E,1,358.0,6557.0
00bc2a7b8181d038c30e4b61f5043eb3ca5c3fc1,SOWPZTO12A8C13BCF2,1,358.0,8614.0
00bc2a7b8181d038c30e4b61f5043eb3ca5c3fc1,SOVWKDY12A6D4F8D83,1,358.0,8416.0
00bc2a7b8181d038c30e4b61f5043eb3ca5c3fc1,SOOSIWM12A670202B9,1,358.0,6333.0
00bc2a7b8181d038c30e4b61f5043eb3ca5c3fc1,SOYEWFR12AB0189AB6,1,358.0,1671.0
00bc2a7b8181d038c30e4b61f5043eb3ca5c3fc1,SOFUOAG12A6D4F7424,2,358.0,3506.0
01e082e4d12532e07ea0686bf1a1cb0d569559b4,SOEAYQW12A8C132D20,1,72.0,815.0
01e082e4d12532e07ea0686bf1a1cb0d569559b4,SOLTHJL12AC468E7F2,2,72.0,5427.0
01e082e4d12532e07ea0686bf1a1cb0d569559b4,SOBWFXM12AB0182808,1,72.0,2306.0
01e082e4d12532e07ea0686bf1a1cb0d569559b4,SOUTGUB12AB017DC5B,7,72.0,1524.0
01e082e4d12532e07ea0686bf1a1cb0d569559b4,SOXHHAO12A8C139833,1,72.0,8815.0
01e082e4d12532e07ea0686bf1a1cb0d569559b4,SOKKKZW12A6D4F7F88,2,72.0,176.0
01e082e4d12532e07ea0686bf1a1cb0d569559b4,SOQVBDS12A8C143867,3,72.0,6995.0
01e082e4d12532e07ea0686bf1a1cb0d569559b4,SOOLYZQ12A6D4FA5B7,1,72.0,276.0
01e082e4d12532e07ea0686bf1a1cb0d569559b4,SOHGFMT12A6D4FA66F,1,72.0,4012.0
01e082e4d12532e07ea0686bf1a1cb0d569559b4,SOTFYIT12AB017FDB1,1,72.0,7700.0
01e082e4d12532e07ea0686bf1a1cb0d569559b4,SOJIDVJ12AF729C7C4,1,72.0,448.0
01e082e4d12532e07ea0686bf1a1cb0d569559b4,SOYQKPA12A8C13F31A,2,72.0,9219.0
01e082e4d12532e07ea0686bf1a1cb0d569559b4,SOWBTPS12A6D4FA5BE,1,72.0,312.0
01e082e4d12532e07ea0686bf1a1cb0d569559b4,SOKWRCB12A670214F5,1,72.0,5152.0
01e082e4d12532e07ea0686bf1a1cb0d569559b4,SOVMADB12A8C137B96,1,72.0,597.0
01e082e4d12532e07ea0686bf1a1cb0d569559b4,SORNJET12A8C1415A8,7,72.0,1386.0
01e082e4d12532e07ea0686bf1a1cb0d569559b4,SOAOSDF12A58A779F1,1,72.0,214.0
01e082e4d12532e07ea0686bf1a1cb0d569559b4,SOFWKCI12A8C13A22A,1,72.0,896.0
01e082e4d12532e07ea0686bf1a1cb0d569559b4,SOMNNJZ12A6D4F8B40,5,72.0,5646.0
01e082e4d12532e07ea0686bf1a1cb0d569559b4,SOJYBGC12A8C1349DF,2,72.0,4864.0
01e082e4d12532e07ea0686bf1a1cb0d569559b4,SOUZBUD12A8C13FD8E,1,72.0,8184.0
01e082e4d12532e07ea0686bf1a1cb0d569559b4,SOFYQLR12A58A7C2E8,1,72.0,3566.0
01e082e4d12532e07ea0686bf1a1cb0d569559b4,SOISNGZ12AC46887EA,1,72.0,4475.0
01e082e4d12532e07ea0686bf1a1cb0d569559b4,SOFEKBW12A8C137B37,1,72.0,3312.0
01e082e4d12532e07ea0686bf1a1cb0d569559b4,SOFSIKY12AF72A0807,1,72.0,891.0
01e082e4d12532e07ea0686bf1a1cb0d569559b4,SOBYDAA12A6D4F8847,3,72.0,719.0
01e082e4d12532e07ea0686bf1a1cb0d569559b4,SOGTMRB12A6D4F6B41,6,72.0,3848.0
01d4261deec67f276a77ef920c49e496af20450c,SOQRPNJ12A67ADC992,1,131.0,6947.0
01d4261deec67f276a77ef920c49e496af20450c,SOQWOOX12A6D4FA46B,1,131.0,7013.0
01d4261deec67f276a77ef920c49e496af20450c,SOXHUQJ12A8C13C50E,1,131.0,1639.0
01d4261deec67f276a77ef920c49e496af20450c,SODORNG12AB01831BF,1,131.0,2818.0
01d4261deec67f276a77ef920c49e496af20450c,SOHLJUG12AF729FB5D,1,131.0,4077.0
01d4261deec67f276a77ef920c49e496af20450c,SOGGRTL12A8C13D5D2,1,131.0,412.0
01d4261deec67f276a77ef920c49e496af20450c,SOIKTWI12AB017DB72,1,131.0,4371.0
01d4261deec67f276a77ef920c49e496af20450c,SOPNUCC12AB01870AC,1,131.0,1312.0
01d4261deec67f276a77ef920c49e496af20450c,SOMPBQG12AC3DF6169,1,131.0,5665.0
01d4261deec67f276a77ef920c49e496af20450c,SOBZMSD12A6D4F96A6,1,131.0,721.0
01d4261deec67f276a77ef920c49e496af20450c,SOGCZMX12AB018A79F,2,131.0,913.0
01d4261deec67f276a77ef920c49e496af20450c,SORWUQX12A8C136740,1,131.0,1398.0
01d4261deec67f276a77ef920c49e496af20450c,SOJWTKT12A8C132064,1,131.0,1082.0
01d4261deec67f276a77ef920c49e496af20450c,SOBLIPF12AF729F53E,1,131.0,344.0
01d4261deec67f276a77ef920c49e496af20450c,SOXMIUS12A8C13CD59,1,131.0,8872.0
01d4261deec67f276a77ef920c49e496af20450c,SORVBMQ12A8AE47100,1,131.0,1393.0
01d4261deec67f276a77ef920c49e496af20450c,SOSGIVA12A58A7DA64,2,131.0,1414.0
01d4261deec67f276a77ef920c49e496af20450c,SOKFDPJ12A8C132094,1,131.0,4953.0
01d4261deec67f276a77ef920c49e496af20450c,SOGCXOA12AB01821FB,1,131.0,3616.0
01d4261deec67f276a77ef920c49e496af20450c,SOKZEYC12A67ADD4A7,1,131.0,5188.0
01d4261deec67f276a77ef920c49e496af20450c,SOAVTFX12AB0188D87,2,131.0,679.0
01d4261deec67f276a77ef920c49e496af20450c,SOVNGWS12A58A7C0D9,1,131.0,8324.0
01d4261deec67f276a77ef920c49e496af20450c,SOLJWHN12AB017ACCE,1,131.0,5310.0
01d4261deec67f276a77ef920c49e496af20450c,SOLEFQZ12A6D4F68FD,1,131.0,5248.0
002f1333eadbdfb759c7ab88d38e2db606fb936a,SOBMCEI12A6D4F65BD,2,586.0,2179.0
002f1333eadbdfb759c7ab88d38e2db606fb936a,SOZAFNE12AAF3B50E6,4,586.0,9326.0
002f1333eadbdfb759c7ab88d38e2db606fb936a,SOWMCJR12AF729EC60,2,586.0,8581.0
002f1333eadbdfb759c7ab88d38e2db606fb936a,SOAXHLH12A58A7C27E,1,586.0,2020.0
002f1333eadbdfb759c7ab88d38e2db606fb936a,SOJTLLT12A8C136BBB,4,586.0,4794.0
002f1333eadbdfb759c7ab88d38e2db606fb936a,SOGDTST12AB018B3AB,9,586.0,3630.0
002f1333eadbdfb759c7ab88d38e2db606fb936a,SOOSHTH12A8C13657C,3,586.0,6332.0
002f1333eadbdfb759c7ab88d38e2db606fb936a,SORKZUT12A58A79B20,1,586.0,7167.0
002f1333eadbdfb759c7ab88d38e2db606fb936a,SOBQNEB12AAA15DA62,1,586.0,2237.0
01371c9a68235cdfec13701a156022d6672f2f30,SOMONLC12AB018BB57,1,547.0,5659.0
01371c9a68235cdfec13701a156022d6672f2f30,SONQDLI12AB0182F97,5,547.0,5993.0
01371c9a68235cdfec13701a156022d6672f2f30,SOGVXLY12A8C135496,1,547.0,166.0
01371c9a68235cdfec13701a156022d6672f2f30,SOXWHOW12A8C13D3F6,1,547.0,8980.0
01371c9a68235cdfec13701a156022d6672f2f30,SOUODFE12A58A80347,1,547.0,1514.0
01371c9a68235cdfec13701a156022d6672f2f30,SOOKARQ12AB0189780,1,547.0,6228.0
01371c9a68235cdfec13701a156022d6672f2f30,SOHOZFL12AB018266A,1,547.0,428.0
01371c9a68235cdfec13701a156022d6672f2f30,SOIEYML12A8C13E7D5,1,547.0,4306.0
01371c9a68235cdfec13701a156022d6672f2f30,SOURJIK12A8C138182,1,547.0,8110.0
01371c9a68235cdfec13701a156022d6672f2f30,SOLQGZZ12B0B8096E2,1,547.0,5388.0
0216189734ccaa3b2329b81576c280f40c556f37,SOGXQGE12AB01872A3,1,702.0,946.0
0216189734ccaa3b2329b81576c280f40c556f37,SOFETTS12AF729EA44,1,702.0,399.0
0216189734ccaa3b2329b81576c280f40c556f37,SODAIMX12A6D4F74D6,1,702.0,773.0
0216189734ccaa3b2329b81576c280f40c556f37,SOQMLOV12A8C142A0C,1,702.0,6887.0
0216189734ccaa3b2329b81576c280f40c556f37,SOJXLSE12A6D4F6E4F,1,702.0,4851.0
0216189734ccaa3b2329b81576c280f40c556f37,SONKBBH12AF72A59FE,4,702.0,1227.0
0216189734ccaa3b2329b81576c280f40c556f37,SOJRHTL12AF72A5096,1,702.0,4763.0
0216189734ccaa3b2329b81576c280f40c556f37,SOTQUUJ12A8C141924,1,702.0,576.0
017b90005a7abe8abfa0c03ec457b2ed090a53a6,SOEWPZY12A6D4FB168,2,618.0,860.0
017b90005a7abe8abfa0c03ec457b2ed090a53a6,SOXGPFG12AB0183807,1,618.0,8807.0
017b90005a7abe8abfa0c03ec457b2ed090a53a6,SOVFEIJ12A6D4FCB49,2,618.0,8246.0
017b90005a7abe8abfa0c03ec457b2ed090a53a6,SOOXKIC12A8C145005,1,618.0,6397.0
017b90005a7abe8abfa0c03ec457b2ed090a53a6,SOFQQYM12A8151AC3D,1,618.0,3457.0
017b90005a7abe8abfa0c03ec457b2ed090a53a6,SOOEJXR12A58A7D3B2,4,618.0,6158.0
017b90005a7abe8abfa0c03ec457b2ed090a53a6,SOCGTLS12AF72A579E,1,618.0,2434.0
017b90005a7abe8abfa0c03ec457b2ed090a53a6,SOOBJKY12A8C14528C,1,618.0,6124.0
017b90005a7abe8abfa0c03ec457b2ed090a53a6,SOWVDZR12A8C1327CB,1,618.0,8678.0
00fafa9dfe19f005659b9cf5c6dbd7848519eb12,SOGUVDA12A67AD712A,1,362.0,3869.0
00fafa9dfe19f005659b9cf5c6dbd7848519eb12,SOXLJXH12A8C13D903,6,362.0,1646.0
00fafa9dfe19f005659b9cf5c6dbd7848519eb12,SORKDWS12A6701E6D9,1,362.0,7157.0
00fafa9dfe19f005659b9cf5c6dbd7848519eb12,SOBOUPA12A6D4F81F1,3,362.0,6.0
00fafa9dfe19f005659b9cf5c6dbd7848519eb12,SOPUCYA12A8C13A694,1,362.0,12.0
00fafa9dfe19f005659b9cf5c6dbd7848519eb12,SOINXEO12A6D4F9969,1,362.0,1011.0
00fafa9dfe19f005659b9cf5c6dbd7848519eb12,SOAXAPU12A67020EF9,1,362.0,2019.0
00fafa9dfe19f005659b9cf5c6dbd7848519eb12,SORKVNZ12A6D4F8BAA,1,362.0,7166.0
00fafa9dfe19f005659b9cf5c6dbd7848519eb12,SOLFFKJ12A8C137A3B,1,362.0,5259.0
00fafa9dfe19f005659b9cf5c6dbd7848519eb12,SOWSKAJ12A81C232DC,1,362.0,8647.0
00fafa9dfe19f005659b9cf5c6dbd7848519eb12,SOZXRWH12A6D4F8BA7,1,362.0,9581.0
00fafa9dfe19f005659b9cf5c6dbd7848519eb12,SOHTKMO12AB01843B0,1,362.0,18.0
00fafa9dfe19f005659b9cf5c6dbd7848519eb12,SOOFYTN12A6D4F9B35,1,362.0,13.0
00fafa9dfe19f005659b9cf5c6dbd7848519eb12,SOKSLVO12AB01872CD,5,362.0,5100.0
0073edc5ed61275bb29413486df554a99063ae55,SOVAUZD12A8C133ABA,3,120.0,8205.0
0073edc5ed61275bb29413486df554a99063ae55,SOEECZF12A8C13D7A3,10,120.0,3012.0
0073edc5ed61275bb29413486df554a99063ae55,SOSUDET12A58A7B0EA,10,120.0,7572.0
0073edc5ed61275bb29413486df554a99063ae55,SORYFKC12A8C136EB4,1,120.0,7312.0
0073edc5ed61275bb29413486df554a99063ae55,SOCKJWI12AB018006A,2,120.0,2469.0
0073edc5ed61275bb29413486df554a99063ae55,SOWDGAT12A6D4F8739,1,120.0,8494.0
0073edc5ed61275bb29413486df554a99063ae55,SOXRDTZ12A58A75CBB,1,120.0,8926.0
0073edc5ed61275bb29413486df554a99063ae55,SORTVKN12A81C20B9F,1,120.0,7262.0
0073edc5ed61275bb29413486df554a99063ae55,SOXAHKA12AF72A5A65,1,120.0,1622.0
0073edc5ed61275bb29413486df554a99063ae55,SODNDDS12AB017F3D1,10,120.0,2799.0
0073edc5ed61275bb29413486df554a99063ae55,SOLRJXU12AB018BB55,1,120.0,5406.0
0073edc5ed61275bb29413486df554a99063ae55,SOWGCMN12A8C136E44,2,120.0,1585.0
0073edc5ed61275bb29413486df554a99063ae55,SODXGNM12A6D4FC6A2,1,120.0,2925.0
0073edc5ed61275bb29413486df554a99063ae55,SODUNQO12A8C135181,5,120.0,2885.0
0073edc5ed61275bb29413486df554a99063ae55,SOVTLQW12AB0186641,1,120.0,202.0
0073edc5ed61275bb29413486df554a99063ae55,SOKKJDZ12A8C13650F,8,120.0,5015.0
0073edc5ed61275bb29413486df554a99063ae55,SOMDBJK12A6D4F873A,8,120.0,1168.0
0073edc5ed61275bb29413486df554a99063ae55,SOCRWHA12A67AE1D92,3,120.0,2562.0
0073edc5ed61275bb29413486df554a99063ae55,SOCJWZY12A67021D18,1,120.0,363.0
0073edc5ed61275bb29413486df554a99063ae55,SOAFBSH12AC4688920,4,120.0,1795.0
0073edc5ed61275bb29413486df554a99063ae55,SOVPAJA12A58A77B15,1,120.0,1558.0
0073edc5ed61275bb29413486df554a99063ae55,SOFLJQZ12A6D4FADA6,1,120.0,9.0
0073edc5ed61275bb29413486df554a99063ae55,SOOENZJ12AB0187937,1,120.0,6163.0
0073edc5ed61275bb29413486df554a99063ae55,SOORHZJ12A8C13BD3D,4,120.0,6321.0
01d3b14c3a534227e774453f8f59fc58a2c912b0,SOEGBUG12A6D4FAF44,4,567.0,3030.0
01d3b14c3a534227e774453f8f59fc58a2c912b0,SOYSADG12A8AE47F2C,1,567.0,1688.0
01d3b14c3a534227e774453f8f59fc58a2c912b0,SOCNPTC12A8C144911,1,567.0,754.0
01d3b14c3a534227e774453f8f59fc58a2c912b0,SOLGPOU12A58A7EA20,3,567.0,50.0
01d3b14c3a534227e774453f8f59fc58a2c912b0,SOJIJWG12AAF3B46C0,1,567.0,173.0
01d3b14c3a534227e774453f8f59fc58a2c912b0,SOAUWYT12A81C206F1,1,567.0,1.0
01d3b14c3a534227e774453f8f59fc58a2c912b0,SOHKQHT12A8C13BDEF,1,567.0,4067.0
01d3b14c3a534227e774453f8f59fc58a2c912b0,SODCNEE12A6310E037,3,567.0,117.0
01d3b14c3a534227e774453f8f59fc58a2c912b0,SOAPEHW12A8C1458F0,2,567.0,1920.0
01d3b14c3a534227e774453f8f59fc58a2c912b0,SOBONKR12A58A7A7E0,1,567.0,5.0
01b65f177d99de64f0efded3654e2900f1cd377c,SOTVMLE12AB018168E,1,245.0,105.0
01b65f177d99de64f0efded3654e2900f1cd377c,SOEGOEL12AB018750B,1,245.0,3035.0
01b65f177d99de64f0efded3654e2900f1cd377c,SONIQAM12AB018545A,2,245.0,1223.0
01b65f177d99de64f0efded3654e2900f1cd377c,SOWGUKW12A58A76546,5,245.0,8535.0
01b65f177d99de64f0efded3654e2900f1cd377c,SOJDMXM12A6701EEEF,10,245.0,4608.0
01b65f177d99de64f0efded3654e2900f1cd377c,SOAXGDH12A8C13F8A1,1,245.0,2.0
01b65f177d99de64f0efded3654e2900f1cd377c,SOMCAFM12A58A7B024,13,245.0,76.0
01b65f177d99de64f0efded3654e2900f1cd377c,SOAZOYN12A6701EEF2,16,245.0,2044.0
01b65f177d99de64f0efded3654e2900f1cd377c,SOWLFNL12AB017DB20,2,245.0,605.0
01b65f177d99de64f0efded3654e2900f1cd377c,SOXVQQQ12A58A78325,3,245.0,8974.0
01b65f177d99de64f0efded3654e2900f1cd377c,SOODSPH12AB01819C3,1,245.0,510.0
01b65f177d99de64f0efded3654e2900f1cd377c,SOJNICV12A6D4F742F,1,245.0,4721.0
01b65f177d99de64f0efded3654e2900f1cd377c,SOKLILR12AB01863A1,1,245.0,5023.0
01b65f177d99de64f0efded3654e2900f1cd377c,SOTBQCY12A6D4F9E32,3,245.0,1454.0
01b65f177d99de64f0efded3654e2900f1cd377c,SOCOIXX12A58A7B7F8,1,245.0,755.0
01b65f177d99de64f0efded3654e2900f1cd377c,SOZKMKN12A8C13987E,1,245.0,1717.0
01b65f177d99de64f0efded3654e2900f1cd377c,SOUHBAC12AB01816FE,2,245.0,7994.0
01b65f177d99de64f0efded3654e2900f1cd377c,SOXPFLM12A8AE48C50,2,245.0,67.0
01f3863bdecef49f087a0f0f4eeb289dcac44c4e,SOPBFHP12A8C131F30,2,337.0,523.0
01f3863bdecef49f087a0f0f4eeb289dcac44c4e,SOYWENS12AB0180B01,1,337.0,1695.0
01f3863bdecef49f087a0f0f4eeb289dcac44c4e,SOXDUSG12A8C134034,10,337.0,8776.0
01f3863bdecef49f087a0f0f4eeb289dcac44c4e,SOMCHRF12A6D4FA1B7,1,337.0,5524.0
01f3863bdecef49f087a0f0f4eeb289dcac44c4e,SOCECZH12AB017FC28,2,337.0,2393.0
01f3863bdecef49f087a0f0f4eeb289dcac44c4e,SOTNWCI12AAF3B2028,1,337.0,300.0
01f3863bdecef49f087a0f0f4eeb289dcac44c4e,SOQARNI12A8C141964,2,337.0,6750.0
01f3863bdecef49f087a0f0f4eeb289dcac44c4e,SORRBVQ12A58A7AA33,2,337.0,557.0
01f3863bdecef49f087a0f0f4eeb289dcac44c4e,SOKRFEJ12AAF3B15AD,1,337.0,1109.0
01f3863bdecef49f087a0f0f4eeb289dcac44c4e,SOTFAUY12AB017D5D9,1,337.0,1461.0
01f3863bdecef49f087a0f0f4eeb289dcac44c4e,SOPRNPU12A8C13C7E4,1,337.0,1321.0
01f3863bdecef49f087a0f0f4eeb289dcac44c4e,SOXJJWK12AB01810E6,1,337.0,1644.0
01f3863bdecef49f087a0f0f4eeb289dcac44c4e,SOWYFFH12AAF3B4C65,1,337.0,148.0
01f3863bdecef49f087a0f0f4eeb289dcac44c4e,SOWUOCJ12A58A7BA98,1,337.0,1612.0
01f3863bdecef49f087a0f0f4eeb289dcac44c4e,SOWARJF12AB018959B,1,337.0,8467.0
000b22f91d4992dba3a80025493059f972a7850e,SOSNJIT12A8159E8DB,3,880.0,292.0
000b22f91d4992dba3a80025493059f972a7850e,SOJDWBY12A8C13F6B2,1,880.0,1044.0
000b22f91d4992dba3a80025493059f972a7850e,SOSLZXV12A8C1354C9,5,880.0,291.0
000b22f91d4992dba3a80025493059f972a7850e,SOSRHGG12A8C145143,5,880.0,7546.0
000b22f91d4992dba3a80025493059f972a7850e,SOAYRWQ12A6D4F7C18,1,880.0,2036.0
007728ed7c706deddf38e67a8472b13b17075712,SODAYSB12AB0180406,1,905.0,2655.0
007728ed7c706deddf38e67a8472b13b17075712,SOXXBZK12A8C141A8F,1,905.0,8985.0
007728ed7c706deddf38e67a8472b13b17075712,SOSCXDT12A6D4F6C39,1,905.0,7363.0
007728ed7c706deddf38e67a8472b13b17075712,SOTBQRB12A8C13E06F,1,905.0,7653.0
007728ed7c706deddf38e67a8472b13b17075712,SOTCHRM12AC4689111,4,905.0,1456.0
0076bd7940884eea0e053796f4d152c969b4e096,SOZXGGW12AB017E163,1,904.0,9574.0
0076bd7940884eea0e053796f4d152c969b4e096,SORIMGE12AB017BF17,1,904.0,7144.0
0076bd7940884eea0e053796f4d152c969b4e096,SOMMDDX12AB0183715,1,904.0,5631.0
0076bd7940884eea0e053796f4d152c969b4e096,SOERYZW12AB0186396,1,904.0,3180.0
0076bd7940884eea0e053796f4d152c969b4e096,SOZUSUH12A8C14452F,1,904.0,9546.0
01dd377d32a37b0d623c89e0d201becd615254b9,SOYPTLQ12AB0188341,3,770.0,9208.0
01dd377d32a37b0d623c89e0d201becd615254b9,SODXVAX12A6D4FCC60,2,770.0,2933.0
01dd377d32a37b0d623c89e0d201becd615254b9,SOXBCZH12A67ADAD77,2,770.0,613.0
01dd377d32a37b0d623c89e0d201becd615254b9,SORHSJO12AB0182C7D,1,770.0,7133.0
01dd377d32a37b0d623c89e0d201becd615254b9,SOXPENE12AB017CAB5,1,770.0,1653.0
01dd377d32a37b0d623c89e0d201becd615254b9,SOTRELQ12AB01871C9,2,770.0,1481.0
01dd377d32a37b0d623c89e0d201becd615254b9,SOOCWGH12AC960DA0E,1,770.0,508.0
00f7b2fc058091931bfe4fbd6401399e7efaa1bf,SOXOEGY12AB0188F88,1,928.0,8899.0
00f7b2fc058091931bfe4fbd6401399e7efaa1bf,SODVPJB12AB0188F95,3,928.0,2902.0
00f7b2fc058091931bfe4fbd6401399e7efaa1bf,SOZVSBL1288D3EEEFD,1,928.0,9558.0
00f7b2fc058091931bfe4fbd6401399e7efaa1bf,SOONINK12AB0188F8D,2,928.0,6268.0
00f7b2fc058091931bfe4fbd6401399e7efaa1bf,SOREXEJ12AB0188FA5,5,928.0,7109.0
01cba8b1c4f9d574f95249a738ab32ae50e0ac12,SOUBORB12AB017D0B6,3,857.0,7936.0
01cba8b1c4f9d574f95249a738ab32ae50e0ac12,SOUNJIO12AB0181339,1,857.0,26.0
01cba8b1c4f9d574f95249a738ab32ae50e0ac12,SOWEFXC12A6D4FA230,7,857.0,604.0
01cba8b1c4f9d574f95249a738ab32ae50e0ac12,SOSXLTC12AF72A7F54,1,857.0,4.0
01cba8b1c4f9d574f95249a738ab32ae50e0ac12,SOFRQTD12A81C233C0,4,857.0,0.0
01cba8b1c4f9d574f95249a738ab32ae50e0ac12,SOXAQJS12AB018CBF7,1,857.0,149.0
0131180e7daf92f6e4135820261297bed5e1a30a,SOCBSZW12AB01891C1,1,749.0,354.0
0131180e7daf92f6e4135820261297bed5e1a30a,SOBONKR12A58A7A7E0,5,749.0,5.0
0131180e7daf92f6e4135820261297bed5e1a30a,SOALROV12A6D4F91F9,5,749.0,1874.0
0131180e7daf92f6e4135820261297bed5e1a30a,SOCHTHF12AB017E206,1,749.0,360.0
0131180e7daf92f6e4135820261297bed5e1a30a,SOJTLUY12A58A7D1E3,1,749.0,174.0
0131180e7daf92f6e4135820261297bed5e1a30a,SOBOAFP12A8C131F36,5,749.0,28.0
0131180e7daf92f6e4135820261297bed5e1a30a,SOFRQTD12A81C233C0,1,749.0,0.0
009911b0626455bfa94ba6dad8e7b1ff1788d222,SOPRAYP12A6D4F904C,1,598.0,6629.0
009911b0626455bfa94ba6dad8e7b1ff1788d222,SOJGAEP12A67021555,1,598.0,4641.0
009911b0626455bfa94ba6dad8e7b1ff1788d222,SOGJMJH12A6702154D,1,598.0,124.0
009911b0626455bfa94ba6dad8e7b1ff1788d222,SOKPWKZ12AB0182223,4,598.0,1105.0
009911b0626455bfa94ba6dad8e7b1ff1788d222,SOPKEIV12AB018220D,1,598.0,6554.0
009911b0626455bfa94ba6dad8e7b1ff1788d222,SODCOKD12A8C138E59,5,598.0,2679.0
009911b0626455bfa94ba6dad8e7b1ff1788d222,SOUYDFT12AB01821B5,2,598.0,1531.0
009911b0626455bfa94ba6dad8e7b1ff1788d222,SOBITYB12AB01830F5,1,598.0,699.0
009911b0626455bfa94ba6dad8e7b1ff1788d222,SOTBDZO12A8C13DAE4,1,598.0,7650.0
0003798d61a8010dbfd8010180b7107cbbb8a649,SOHYSXA12AB0186704,2,168.0,33.0
0003798d61a8010dbfd8010180b7107cbbb8a649,SOTWSXL12A8C143349,2,168.0,144.0
0003798d61a8010dbfd8010180b7107cbbb8a649,SOETKSY12A8C13C666,1,168.0,393.0
0003798d61a8010dbfd8010180b7107cbbb8a649,SOCHTHF12AB017E206,2,168.0,360.0
0003798d61a8010dbfd8010180b7107cbbb8a649,SOKRAMY12A8C140804,2,168.0,462.0
0003798d61a8010dbfd8010180b7107cbbb8a649,SONQJCU12A8C144398,3,168.0,270.0
0003798d61a8010dbfd8010180b7107cbbb8a649,SOJAFFL12A6D4F8F68,1,168.0,4565.0
0003798d61a8010dbfd8010180b7107cbbb8a649,SOMXDFJ12AB0183B34,1,168.0,1203.0
0003798d61a8010dbfd8010180b7107cbbb8a649,SODOWUC12AC9097E76,1,168.0,47.0
0003798d61a8010dbfd8010180b7107cbbb8a649,SOSROFB12AAF3B4C5D,1,168.0,44.0
0003798d61a8010dbfd8010180b7107cbbb8a649,SOLFXKT12AB017E3E0,1,168.0,11.0
0003798d61a8010dbfd8010180b7107cbbb8a649,SOQIPYO12AAF3B5B1D,2,168.0,6838.0
0003798d61a8010dbfd8010180b7107cbbb8a649,SOAXGDH12A8C13F8A1,4,168.0,2.0
0003798d61a8010dbfd8010180b7107cbbb8a649,SOOLWEJ12AB0186DA4,1,168.0,275.0
0003798d61a8010dbfd8010180b7107cbbb8a649,SOUVGJL12AB017FC35,3,168.0,108.0
0003798d61a8010dbfd8010180b7107cbbb8a649,SODGJKH12AAA8C9487,1,168.0,23.0
0003798d61a8010dbfd8010180b7107cbbb8a649,SOFRQTD12A81C233C0,1,168.0,0.0
0003798d61a8010dbfd8010180b7107cbbb8a649,SOUSZSW12AB01800C2,1,168.0,590.0
0003798d61a8010dbfd8010180b7107cbbb8a649,SOLRGVL12A8C143BC3,1,168.0,59.0
0003798d61a8010dbfd8010180b7107cbbb8a649,SOWKQYL12AB0183B15,1,168.0,66.0
0003798d61a8010dbfd8010180b7107cbbb8a649,SOIDDNJ12AC9071B90,1,168.0,170.0
02087cf09a4ef4e773c4f623de22a4284f5c52a5,SOQJLWB12A6701E7B3,1,185.0,6849.0
02087cf09a4ef4e773c4f623de22a4284f5c52a5,SODZLWJ12AF729FB85,1,185.0,811.0
02087cf09a4ef4e773c4f623de22a4284f5c52a5,SOPQGWI12A8C135DDB,1,185.0,1318.0
02087cf09a4ef4e773c4f623de22a4284f5c52a5,SOHDSVJ12A6D4F93FF,8,185.0,3990.0
02087cf09a4ef4e773c4f623de22a4284f5c52a5,SOTJQZN12AF72AA288,8,185.0,7752.0
02087cf09a4ef4e773c4f623de22a4284f5c52a5,SOAMPRJ12A8AE45F38,1,185.0,212.0
02087cf09a4ef4e773c4f623de22a4284f5c52a5,SONGIXY12A58A7BB42,2,185.0,1219.0
02087cf09a4ef4e773c4f623de22a4284f5c52a5,SOATNYF12AF72A8D48,11,185.0,1973.0
02087cf09a4ef4e773c4f623de22a4284f5c52a5,SOWMGHQ12A6D4F914D,2,185.0,606.0
02087cf09a4ef4e773c4f623de22a4284f5c52a5,SOYLLGK12A81C217A1,1,185.0,9152.0
02087cf09a4ef4e773c4f623de22a4284f5c52a5,SONZUTP12AF72AACC9,9,185.0,6103.0
02087cf09a4ef4e773c4f623de22a4284f5c52a5,SODMASJ12AF729E6FA,8,185.0,2789.0
02087cf09a4ef4e773c4f623de22a4284f5c52a5,SOXILLO12A6310F1B6,2,185.0,1641.0
02087cf09a4ef4e773c4f623de22a4284f5c52a5,SOSLQZV12AB018C818,3,185.0,7484.0
02087cf09a4ef4e773c4f623de22a4284f5c52a5,SOBFMHC12A6D4F9401,8,185.0,2120.0
02087cf09a4ef4e773c4f623de22a4284f5c52a5,SOEWYLX12A6D4F8E5F,11,185.0,861.0
02087cf09a4ef4e773c4f623de22a4284f5c52a5,SOEPZQS12A8C1436C7,1,185.0,73.0
02087cf09a4ef4e773c4f623de22a4284f5c52a5,SOMTTXF12A8C1428A9,1,185.0,1195.0
02087cf09a4ef4e773c4f623de22a4284f5c52a5,SOVOKGC12A58A7DF6B,2,185.0,1556.0
02087cf09a4ef4e773c4f623de22a4284f5c52a5,SORNLGA12A8C1407B1,1,185.0,7189.0
02087cf09a4ef4e773c4f623de22a4284f5c52a5,SOIXMXZ12A8C137923,1,185.0,4538.0
01cbcd6c4eab51983feb4186d7fff9d37b786a0e,SOQWKRO12AB0183752,1,459.0,7009.0
01cbcd6c4eab51983feb4186d7fff9d37b786a0e,SOZDKUJ12AF72AA7DB,1,459.0,9364.0
01cbcd6c4eab51983feb4186d7fff9d37b786a0e,SOABJBU12A8C13F63F,1,459.0,154.0
01cbcd6c4eab51983feb4186d7fff9d37b786a0e,SOUCPBK12A58A7881A,1,459.0,302.0
01cbcd6c4eab51983feb4186d7fff9d37b786a0e,SOQTYPY12A8C13F642,1,459.0,1366.0
01cbcd6c4eab51983feb4186d7fff9d37b786a0e,SOZDTTJ12AB0183DFE,1,459.0,9367.0
01cbcd6c4eab51983feb4186d7fff9d37b786a0e,SOTVLQY12A58A798C2,1,459.0,79.0
01cbcd6c4eab51983feb4186d7fff9d37b786a0e,SODJGMK12A6D4F93DB,1,459.0,2754.0
01cbcd6c4eab51983feb4186d7fff9d37b786a0e,SONYKOW12AB01849C9,1,459.0,3.0
01cbcd6c4eab51983feb4186d7fff9d37b786a0e,SOJBZVF12AC3DF5728,1,459.0,446.0
01cbcd6c4eab51983feb4186d7fff9d37b786a0e,SOXGSWF12A8C13D373,2,459.0,8811.0
01cbcd6c4eab51983feb4186d7fff9d37b786a0e,SOLFXKT12AB017E3E0,1,459.0,11.0
0102878d76b4ffe6d5222d88366ba8d213154ac9,SOVEDVX12AF72A269E,1,828.0,8240.0
0102878d76b4ffe6d5222d88366ba8d213154ac9,SOMQRLT12A6D4FCD10,1,828.0,5683.0
0102878d76b4ffe6d5222d88366ba8d213154ac9,SOGDDKR12A6701E8FA,1,828.0,915.0
0102878d76b4ffe6d5222d88366ba8d213154ac9,SOMHLHX12A58A7AA5B,5,828.0,482.0
0102878d76b4ffe6d5222d88366ba8d213154ac9,SORYRJI12A8C132747,1,828.0,7317.0
0102878d76b4ffe6d5222d88366ba8d213154ac9,SOUKMKR12A8C141925,1,828.0,304.0
01e4eb8b01dbc31ef8fe64ca57b579ec4527f5fa,SODTCOD12A8C14153A,1,63.0,2867.0
01e4eb8b01dbc31ef8fe64ca57b579ec4527f5fa,SODREZL12A6D4F7D16,3,63.0,2846.0
01e4eb8b01dbc31ef8fe64ca57b579ec4527f5fa,SORIBAR12AC468D3E7,4,63.0,7136.0
01e4eb8b01dbc31ef8fe64ca57b579ec4527f5fa,SOULTKQ12AB018A183,2,63.0,14.0
01e4eb8b01dbc31ef8fe64ca57b579ec4527f5fa,SOKTJKI12A8C143254,1,63.0,463.0
01e4eb8b01dbc31ef8fe64ca57b579ec4527f5fa,SOWKQYL12AB0183B15,2,63.0,66.0
01e4eb8b01dbc31ef8fe64ca57b579ec4527f5fa,SODFCYY12A58A78381,3,63.0,779.0
01e4eb8b01dbc31ef8fe64ca57b579ec4527f5fa,SOIPOMZ12AB018D914,3,63.0,1018.0
01e4eb8b01dbc31ef8fe64ca57b579ec4527f5fa,SOFSXEB12A6D4FD06A,1,63.0,3486.0
01e4eb8b01dbc31ef8fe64ca57b579ec4527f5fa,SOPTEKP12A8C141E5F,1,63.0,6656.0
01e4eb8b01dbc31ef8fe64ca57b579ec4527f5fa,SOVWYTV12A58A7F23F,1,63.0,8423.0
01e4eb8b01dbc31ef8fe64ca57b579ec4527f5fa,SOLIFHW12AB018A93E,1,63.0,5289.0
01e4eb8b01dbc31ef8fe64ca57b579ec4527f5fa,SOKDQQY12A6D4FBF14,22,63.0,4931.0
01e4eb8b01dbc31ef8fe64ca57b579ec4527f5fa,SOKXECM12A8C130FC1,1,63.0,5161.0
01e4eb8b01dbc31ef8fe64ca57b579ec4527f5fa,SOAKIMP12A8C130995,1,63.0,1852.0
01e4eb8b01dbc31ef8fe64ca57b579ec4527f5fa,SOLFXKT12AB017E3E0,1,63.0,11.0
01e4eb8b01dbc31ef8fe64ca57b579ec4527f5fa,SOFNCMG12AB0187535,3,63.0,883.0
01e4eb8b01dbc31ef8fe64ca57b579ec4527f5fa,SOUCIME12A8C1432EB,3,63.0,586.0
01e4eb8b01dbc31ef8fe64ca57b579ec4527f5fa,SOSMUIX12A8159E960,1,63.0,7496.0
01e4eb8b01dbc31ef8fe64ca57b579ec4527f5fa,SOEDHVK12A6D4F50AE,1,63.0,3000.0
01e4eb8b01dbc31ef8fe64ca57b579ec4527f5fa,SOYCOIQ12A6D4F6E50,1,63.0,9053.0
01e4eb8b01dbc31ef8fe64ca57b579ec4527f5fa,SOSBEAB12A6D4FACF3,3,63.0,7341.0
01e4eb8b01dbc31ef8fe64ca57b579ec4527f5fa,SOBQYCF12AC909726F,1,63.0,347.0
01e4eb8b01dbc31ef8fe64ca57b579ec4527f5fa,SOVHPUT12A81C22A56,1,63.0,8269.0
01e4eb8b01dbc31ef8fe64ca57b579ec4527f5fa,SOSDGUX12AB01802FE,2,63.0,1407.0
01e4eb8b01dbc31ef8fe64ca57b579ec4527f5fa,SOWCKVR12A8C142411,2,63.0,16.0
01e4eb8b01dbc31ef8fe64ca57b579ec4527f5fa,SOFBNMW12A8C13D372,2,63.0,3286.0
01e4eb8b01dbc31ef8fe64ca57b579ec4527f5fa,SOWBNGK12A8C143932,3,63.0,83.0
012f342fca4dbb7a929c04d5a8f1d9493e662881,SOGFKIP12AB0184424,4,444.0,3658.0
012f342fca4dbb7a929c04d5a8f1d9493e662881,SOGDDBT12A6D4FB236,4,444.0,914.0
012f342fca4dbb7a929c04d5a8f1d9493e662881,SOHQFVC12A58A7B234,4,444.0,4136.0
012f342fca4dbb7a929c04d5a8f1d9493e662881,SOCXGVO12A6310DBC2,6,444.0,2614.0
012f342fca4dbb7a929c04d5a8f1d9493e662881,SOJXCFA12A8C144BB6,1,444.0,4849.0
012f342fca4dbb7a929c04d5a8f1d9493e662881,SOTZOSL12A6D4F7793,32,444.0,585.0
012f342fca4dbb7a929c04d5a8f1d9493e662881,SOUEFDV12AF72ACC14,5,444.0,7961.0
012f342fca4dbb7a929c04d5a8f1d9493e662881,SOXVMYD12A8C13D029,5,444.0,8973.0
012f342fca4dbb7a929c04d5a8f1d9493e662881,SOSUHAR12A58A7899C,5,444.0,7573.0
012f342fca4dbb7a929c04d5a8f1d9493e662881,SOHABYI12AF72A9C93,5,444.0,3941.0
012f342fca4dbb7a929c04d5a8f1d9493e662881,SOJSKRC12A6D4F7A12,4,444.0,4773.0
012f342fca4dbb7a929c04d5a8f1d9493e662881,SOOZEMT12A8C1359B1,5,444.0,6418.0
01c51dc59297ba9d2b33a9437260426912e8f2dd,SOVLJHG12A81C21AA0,1,856.0,8307.0
01c51dc59297ba9d2b33a9437260426912e8f2dd,SOUGCDK12AC95F075F,1,856.0,194.0
01c51dc59297ba9d2b33a9437260426912e8f2dd,SOGVSOC12A58A7B0F7,1,856.0,941.0
01c51dc59297ba9d2b33a9437260426912e8f2dd,SOBJBEU12AF729D526,1,856.0,2156.0
01c51dc59297ba9d2b33a9437260426912e8f2dd,SOYBRAC12AB01884D9,1,856.0,9041.0
01c51dc59297ba9d2b33a9437260426912e8f2dd,SORLFAO12A58A7B81E,1,856.0,7169.0
00f1b480e5de781df9ebe70bd73a6350bd8b4c86,SOKFIMK12A58A7D952,10,925.0,4957.0
00f1b480e5de781df9ebe70bd73a6350bd8b4c86,SOEVARI12A8C13C196,1,925.0,856.0
00f1b480e5de781df9ebe70bd73a6350bd8b4c86,SONJRRU12AB017D64E,1,925.0,5929.0
00f1b480e5de781df9ebe70bd73a6350bd8b4c86,SONXWJM12A67ADD878,20,925.0,6074.0
00f1b480e5de781df9ebe70bd73a6350bd8b4c86,SOLCVKA12AB017F597,1,925.0,5234.0
0208f8692e0af38f05b46b65794e783970f968d5,SODJPQU12A8159E8AE,1,779.0,380.0
0208f8692e0af38f05b46b65794e783970f968d5,SOGJFZJ12AB017C2B5,1,779.0,3703.0
0208f8692e0af38f05b46b65794e783970f968d5,SORUGQQ12A8C13CE0D,13,779.0,7266.0
0208f8692e0af38f05b46b65794e783970f968d5,SOVVQMO12AB0185932,3,779.0,8404.0
0208f8692e0af38f05b46b65794e783970f968d5,SOXSQBN12A8C140120,10,779.0,8940.0
0208f8692e0af38f05b46b65794e783970f968d5,SOVHVJC12A8C144B7C,1,779.0,8271.0
0208f8692e0af38f05b46b65794e783970f968d5,SOBQXYP12A6D4F8F71,5,779.0,2243.0
0056497acc87e6a548603dfe6eba165df09c3242,SOHSQWQ12AB0184CE2,1,192.0,987.0
0056497acc87e6a548603dfe6eba165df09c3242,SOVJZAS12A8C131BFB,4,192.0,1551.0
0056497acc87e6a548603dfe6eba165df09c3242,SOGQKJF12A8C135BC4,1,192.0,3789.0
0056497acc87e6a548603dfe6eba165df09c3242,SOIPXXX12A67ADD3E7,5,192.0,4438.0
0056497acc87e6a548603dfe6eba165df09c3242,SOEVZCH12AB017BDD4,1,192.0,3229.0
0056497acc87e6a548603dfe6eba165df09c3242,SOPNEUT12A6D4F706F,3,192.0,6584.0
0056497acc87e6a548603dfe6eba165df09c3242,SOZVUCT12A8C1424BE,1,192.0,9560.0
0056497acc87e6a548603dfe6eba165df09c3242,SOUBACI12AF72A47A9,2,192.0,7925.0
0056497acc87e6a548603dfe6eba165df09c3242,SOCAFQG12A6701DEB5,3,192.0,2357.0
0056497acc87e6a548603dfe6eba165df09c3242,SOLVFKS12A58A778DE,3,192.0,474.0
0056497acc87e6a548603dfe6eba165df09c3242,SOZMINK12AF72AAC26,7,192.0,9455.0
0056497acc87e6a548603dfe6eba165df09c3242,SORYCTJ12A8C138AC3,2,192.0,1400.0
0056497acc87e6a548603dfe6eba165df09c3242,SONGIIY12AB0184492,4,192.0,5894.0
0056497acc87e6a548603dfe6eba165df09c3242,SOHTWNJ12A6701D0EB,4,192.0,4175.0
0056497acc87e6a548603dfe6eba165df09c3242,SOYOIMF12A8C135BF4,1,192.0,9192.0
0056497acc87e6a548603dfe6eba165df09c3242,SOWGAUP12A6D4F7009,1,192.0,8527.0
0056497acc87e6a548603dfe6eba165df09c3242,SOZLFWF12A8C132FF7,3,192.0,9444.0
0056497acc87e6a548603dfe6eba165df09c3242,SOHGLWN12A8C137147,7,192.0,4015.0
0056497acc87e6a548603dfe6eba165df09c3242,SOYOZJH12A8C14216C,2,192.0,9199.0
0056497acc87e6a548603dfe6eba165df09c3242,SOJXVLM12A6701D0EE,1,192.0,4858.0
01fca1d393c652934eea5256eecb4b4ad6548ff1,SOZHOYD12A6D4F837C,4,512.0,9414.0
01fca1d393c652934eea5256eecb4b4ad6548ff1,SOMBHWZ12A58A7D10C,25,512.0,5510.0
01fca1d393c652934eea5256eecb4b4ad6548ff1,SOKRJVR12A6D4F6152,12,512.0,5091.0
01fca1d393c652934eea5256eecb4b4ad6548ff1,SOXVZRL12A6D4F58F4,3,512.0,8977.0
01fca1d393c652934eea5256eecb4b4ad6548ff1,SOSATSP12A6310D810,1,512.0,7337.0
01fca1d393c652934eea5256eecb4b4ad6548ff1,SOHSJSF12A67AD861E,5,512.0,4156.0
01fca1d393c652934eea5256eecb4b4ad6548ff1,SOZDYMX12A58A7D443,12,512.0,1707.0
01fca1d393c652934eea5256eecb4b4ad6548ff1,SOOQDLN12A6D4F6154,13,512.0,6300.0
01fca1d393c652934eea5256eecb4b4ad6548ff1,SOBKQJB12A58A77C52,10,512.0,2169.0
01fca1d393c652934eea5256eecb4b4ad6548ff1,SOANOOY12A6D4F58CE,2,512.0,1897.0
01fca1d393c652934eea5256eecb4b4ad6548ff1,SOGVSOC12A58A7B0F7,4,512.0,941.0
0227f4cf8d64e5a3e5118c04fe583a2f9ea8abb0,SOPFMTG12A58A792E7,1,998.0,6490.0
0227f4cf8d64e5a3e5118c04fe583a2f9ea8abb0,SOVPMLS12A6D4F5850,1,998.0,1561.0
0227f4cf8d64e5a3e5118c04fe583a2f9ea8abb0,SOSKYPB12A8C1401F4,1,998.0,7473.0
0227f4cf8d64e5a3e5118c04fe583a2f9ea8abb0,SOOOCIE12A8C14391A,1,998.0,277.0
0227f4cf8d64e5a3e5118c04fe583a2f9ea8abb0,SOXPZKK12AB01837A6,1,998.0,8919.0
0214f58e8436e2915ea8e05bc7ee98924aefde56,SOTRMQC12AB0181429,1,339.0,1482.0
0214f58e8436e2915ea8e05bc7ee98924aefde56,SOQEGOS12AC4685FE7,19,339.0,6786.0
0214f58e8436e2915ea8e05bc7ee98924aefde56,SOKIYKQ12A8AE464FC,138,339.0,175.0
0214f58e8436e2915ea8e05bc7ee98924aefde56,SOUQPNL12A8C13728D,19,339.0,8096.0
0214f58e8436e2915ea8e05bc7ee98924aefde56,SOINHRP12A8C1401FF,5,339.0,4401.0
0214f58e8436e2915ea8e05bc7ee98924aefde56,SOKGUFN12AF72A0D38,2,339.0,4972.0
0214f58e8436e2915ea8e05bc7ee98924aefde56,SOEDMKZ12A6D4F8D40,1,339.0,3004.0
0214f58e8436e2915ea8e05bc7ee98924aefde56,SOCTZQG12AB0180699,1,339.0,2583.0
0214f58e8436e2915ea8e05bc7ee98924aefde56,SOKMQXZ12A8C136133,1,339.0,460.0
0214f58e8436e2915ea8e05bc7ee98924aefde56,SOKBEZD12A8151BA68,3,339.0,4897.0
0214f58e8436e2915ea8e05bc7ee98924aefde56,SOLBFZJ12A8C1445B8,1,339.0,1127.0
0214f58e8436e2915ea8e05bc7ee98924aefde56,SOJHVZZ12A58A75BBE,1,339.0,1054.0
0214f58e8436e2915ea8e05bc7ee98924aefde56,SOLHJSQ12AB018CE33,1,339.0,468.0
0214f58e8436e2915ea8e05bc7ee98924aefde56,SOGTGQO12A6701FB9E,1,339.0,3842.0
0214f58e8436e2915ea8e05bc7ee98924aefde56,SOLMKTS12A8AE46C27,1,339.0,5346.0
01a0b29ad7895883f0bf02723beb43d73c96dc9c,SOMBLEB12AF72A2F12,1,331.0,5515.0
01a0b29ad7895883f0bf02723beb43d73c96dc9c,SOQJRPD12A6D4F9B38,1,331.0,6851.0
01a0b29ad7895883f0bf02723beb43d73c96dc9c,SOFKQXJ12A6D4F9E39,2,331.0,3376.0
01a0b29ad7895883f0bf02723beb43d73c96dc9c,SOIKUJP12AB017EAEF,1,331.0,4372.0
01a0b29ad7895883f0bf02723beb43d73c96dc9c,SOCHSJD12A6D4F926E,1,331.0,734.0
01a0b29ad7895883f0bf02723beb43d73c96dc9c,SOFPTMF12A6D4F7444,1,331.0,3443.0
01a0b29ad7895883f0bf02723beb43d73c96dc9c,SOCLMTW12A6701FA08,1,331.0,2490.0
01a0b29ad7895883f0bf02723beb43d73c96dc9c,SOGSZVC12A6D4F7442,1,331.0,3834.0
01a0b29ad7895883f0bf02723beb43d73c96dc9c,SOJFLUT12A6D4F9273,2,331.0,1047.0
01a0b29ad7895883f0bf02723beb43d73c96dc9c,SOPBKYF12A8C13BAFF,1,331.0,6444.0
01a0b29ad7895883f0bf02723beb43d73c96dc9c,SOOJUOE12A8C137A97,1,331.0,6223.0
01a0b29ad7895883f0bf02723beb43d73c96dc9c,SOBTQIW12AB0181E81,1,331.0,2272.0
01a0b29ad7895883f0bf02723beb43d73c96dc9c,SOONSDQ12A6D4F9B37,2,331.0,6272.0
01a0b29ad7895883f0bf02723beb43d73c96dc9c,SOFEOVT12A58A78DF3,1,331.0,229.0
01a0b29ad7895883f0bf02723beb43d73c96dc9c,SOJEQSU12A6D4F7445,2,331.0,4624.0
0028f6d59b017142f1e5e430d7bc3e92206aae71,SOUUZPU12A6701FB90,1,388.0,591.0
0028f6d59b017142f1e5e430d7bc3e92206aae71,SOPQLBY12A6310E992,3,388.0,24.0
0028f6d59b017142f1e5e430d7bc3e92206aae71,SOZSMVS12AAF3B4FAA,1,388.0,1728.0
0028f6d59b017142f1e5e430d7bc3e92206aae71,SOIRDPX12AB017F32C,1,388.0,4458.0
0028f6d59b017142f1e5e430d7bc3e92206aae71,SOQNIXK12A6D4FBC63,2,388.0,6897.0
0028f6d59b017142f1e5e430d7bc3e92206aae71,SOPXFGP12A8C13FA9F,1,388.0,6704.0
0028f6d59b017142f1e5e430d7bc3e92206aae71,SOEEIPC12A8C143C44,1,388.0,3015.0
0028f6d59b017142f1e5e430d7bc3e92206aae71,SOKUPAO12AB018D576,2,388.0,35.0
0028f6d59b017142f1e5e430d7bc3e92206aae71,SOYWRLV12AB0186090,2,388.0,1696.0
0028f6d59b017142f1e5e430d7bc3e92206aae71,SOWPLVJ12AB0183586,4,388.0,316.0
0028f6d59b017142f1e5e430d7bc3e92206aae71,SOPSAEJ12A58A7DA0F,1,388.0,530.0
0028f6d59b017142f1e5e430d7bc3e92206aae71,SODDNDV12AF72A986E,1,388.0,375.0
0028f6d59b017142f1e5e430d7bc3e92206aae71,SODZYCK12A81C22463,1,388.0,2964.0
021831d530a1510b3fd801a2e43a29c4123f45be,SOYMGAW12AB017ED4C,1,994.0,9163.0
021831d530a1510b3fd801a2e43a29c4123f45be,SOUIXFD12A8C133AE6,6,994.0,8017.0
021831d530a1510b3fd801a2e43a29c4123f45be,SODZHVJ12A8C13DB29,3,994.0,810.0
021831d530a1510b3fd801a2e43a29c4123f45be,SOJKARY12A6701ED3F,1,994.0,1055.0
021831d530a1510b3fd801a2e43a29c4123f45be,SOHFGKG12A6701C429,57,994.0,423.0
00f18c82e0b2140bfa061fc2944dded6c17117e8,SONAISQ12A81C2236D,2,101.0,5816.0
00f18c82e0b2140bfa061fc2944dded6c17117e8,SOOQWXY12A8C136E77,22,101.0,6314.0
00f18c82e0b2140bfa061fc2944dded6c17117e8,SOSQHKY12A58A77815,1,101.0,1434.0
00f18c82e0b2140bfa061fc2944dded6c17117e8,SOPYRXU12A58A784CA,6,101.0,6726.0
00f18c82e0b2140bfa061fc2944dded6c17117e8,SOABNPW12A6D4FC9B5,2,101.0,643.0
00f18c82e0b2140bfa061fc2944dded6c17117e8,SOTNHIP12AB0183131,4,101.0,104.0
00f18c82e0b2140bfa061fc2944dded6c17117e8,SOMJIHO12A8C13E4AA,1,101.0,5594.0
00f18c82e0b2140bfa061fc2944dded6c17117e8,SOLGPOU12A58A7EA20,11,101.0,50.0
00f18c82e0b2140bfa061fc2944dded6c17117e8,SOFXDVI12AB0187514,17,101.0,900.0
00f18c82e0b2140bfa061fc2944dded6c17117e8,SOMRFHJ12A8C1334AB,14,101.0,5693.0
00f18c82e0b2140bfa061fc2944dded6c17117e8,SOZJSSS12B0B808429,1,101.0,9428.0
00f18c82e0b2140bfa061fc2944dded6c17117e8,SOYVDID12A8C13E3D4,1,101.0,9269.0
00f18c82e0b2140bfa061fc2944dded6c17117e8,SOGYAED12A6D4F8232,19,101.0,949.0
00f18c82e0b2140bfa061fc2944dded6c17117e8,SOEGIYH12A6D4FC0E3,12,101.0,8.0
00f18c82e0b2140bfa061fc2944dded6c17117e8,SOGAGGW12A8C144135,1,101.0,907.0
00f18c82e0b2140bfa061fc2944dded6c17117e8,SOEOLTC12A8C13B258,1,101.0,3149.0
00f18c82e0b2140bfa061fc2944dded6c17117e8,SOWIPUC12A6D4F95AE,1,101.0,8548.0
00f18c82e0b2140bfa061fc2944dded6c17117e8,SONMBPQ12A6D4F95A3,1,101.0,1231.0
00f18c82e0b2140bfa061fc2944dded6c17117e8,SOWXDVT12B0B80BFA3,18,101.0,317.0
00f18c82e0b2140bfa061fc2944dded6c17117e8,SOIESKU12A8C134DCA,1,101.0,4302.0
00f18c82e0b2140bfa061fc2944dded6c17117e8,SOFAUGZ12A81C22365,1,101.0,3273.0
00f18c82e0b2140bfa061fc2944dded6c17117e8,SOULTKQ12AB018A183,1,101.0,14.0
00f18c82e0b2140bfa061fc2944dded6c17117e8,SODUVFL12AC3DF9936,9,101.0,2890.0
00f18c82e0b2140bfa061fc2944dded6c17117e8,SOSIPAM12AF72AA43B,1,101.0,7441.0
00f18c82e0b2140bfa061fc2944dded6c17117e8,SOOFGCG12A6D4FD712,1,101.0,1265.0
016081d67732deec77326c4c9c040a22542f8e78,SOPUCYA12A8C13A694,2,162.0,12.0
016081d67732deec77326c4c9c040a22542f8e78,SOYVYAJ12AF729FB21,2,162.0,9274.0
016081d67732deec77326c4c9c040a22542f8e78,SOXQYSC12A6310E908,2,162.0,27.0
016081d67732deec77326c4c9c040a22542f8e78,SOWRREB12A6D4FA7CB,1,162.0,39.0
016081d67732deec77326c4c9c040a22542f8e78,SOTMTTY12A6D4F95A1,1,162.0,1473.0
016081d67732deec77326c4c9c040a22542f8e78,SOBOUPA12A6D4F81F1,7,162.0,6.0
016081d67732deec77326c4c9c040a22542f8e78,SOBTMZN12A67ADEACD,1,162.0,2271.0
016081d67732deec77326c4c9c040a22542f8e78,SOXJCWC12A6D4FA800,1,162.0,1643.0
016081d67732deec77326c4c9c040a22542f8e78,SORRFGI12A6D4F9CFF,1,162.0,7226.0
016081d67732deec77326c4c9c040a22542f8e78,SOKENKR12AB01828F7,1,162.0,458.0
016081d67732deec77326c4c9c040a22542f8e78,SOUGAYN12A6D4F6E90,1,162.0,1501.0
016081d67732deec77326c4c9c040a22542f8e78,SOOFYTN12A6D4F9B35,14,162.0,13.0
016081d67732deec77326c4c9c040a22542f8e78,SONHNGZ12A67ADE81F,1,162.0,5903.0
016081d67732deec77326c4c9c040a22542f8e78,SOHRQFL12A6D4F3C8A,1,162.0,429.0
016081d67732deec77326c4c9c040a22542f8e78,SOUOEMP12A8C13866E,1,162.0,197.0
016081d67732deec77326c4c9c040a22542f8e78,SORVROY12A8C13FD34,1,162.0,1394.0
016081d67732deec77326c4c9c040a22542f8e78,SOSIQPJ12A6701C4BD,1,162.0,7443.0
016081d67732deec77326c4c9c040a22542f8e78,SOQQQMM12A6310DFCC,1,162.0,1360.0
016081d67732deec77326c4c9c040a22542f8e78,SOJTLHS12A8C13F633,1,162.0,95.0
016081d67732deec77326c4c9c040a22542f8e78,SOGAGAT12A6D4FAF3D,13,162.0,409.0
016081d67732deec77326c4c9c040a22542f8e78,SOENYBK12AB0185B08,1,162.0,842.0
016081d67732deec77326c4c9c040a22542f8e78,SOJXAMZ12AF72ABD3C,1,162.0,4848.0
0001ff7aa2667c8d8b945317b88adaed1c0b9dc2,SOWHUTE12A8C144C09,1,582.0,8539.0
0001ff7aa2667c8d8b945317b88adaed1c0b9dc2,SOFGOCL12AB01824F0,2,582.0,3334.0
0001ff7aa2667c8d8b945317b88adaed1c0b9dc2,SOXLKBQ12A8C131B17,1,582.0,8857.0
0001ff7aa2667c8d8b945317b88adaed1c0b9dc2,SOVQJRY12A81C210C0,3,582.0,56.0
0001ff7aa2667c8d8b945317b88adaed1c0b9dc2,SOGJYKO12A6D4F73FA,1,582.0,3709.0
0001ff7aa2667c8d8b945317b88adaed1c0b9dc2,SOXONIW12A8C1390D8,1,582.0,321.0
0001ff7aa2667c8d8b945317b88adaed1c0b9dc2,SOIMQXB12AB0188FA0,1,582.0,4387.0
0001ff7aa2667c8d8b945317b88adaed1c0b9dc2,SOFIWJG12A6310D8B6,1,582.0,3355.0
0001ff7aa2667c8d8b945317b88adaed1c0b9dc2,SOGWKFE12A8AE46538,1,582.0,3889.0
00b09a4d188dbcc13934a75c8bd000f2c7357969,SOSXLTC12AF72A7F54,1,913.0,4.0
00b09a4d188dbcc13934a75c8bd000f2c7357969,SOWKBNB12A582A2325,99,913.0,8562.0
00b09a4d188dbcc13934a75c8bd000f2c7357969,SOYEUWK12A6701DC8B,1,913.0,9085.0
00b09a4d188dbcc13934a75c8bd000f2c7357969,SOWRMCR12A8C13BA98,1,913.0,1607.0
00b09a4d188dbcc13934a75c8bd000f2c7357969,SOEOKWO12A8C13D05B,15,913.0,843.0
01053567dc9bd965816e643a3f76bb7e1de9d3fa,SOLRHOE12A58A7CB32,5,671.0,5404.0
01053567dc9bd965816e643a3f76bb7e1de9d3fa,SOPOHNL12A8C134BDA,1,671.0,6594.0
01053567dc9bd965816e643a3f76bb7e1de9d3fa,SOXZKKI12A6D4FD9CE,12,671.0,9015.0
01053567dc9bd965816e643a3f76bb7e1de9d3fa,SOOKGRB12A8C13CD66,21,671.0,6232.0
01053567dc9bd965816e643a3f76bb7e1de9d3fa,SOSCIZP12AB0181D2F,1,671.0,54.0
01053567dc9bd965816e643a3f76bb7e1de9d3fa,SOZCDWG12A6D4F81E1,5,671.0,86.0
01053567dc9bd965816e643a3f76bb7e1de9d3fa,SOBFCXH12A8C136D3F,6,671.0,2115.0
01053567dc9bd965816e643a3f76bb7e1de9d3fa,SODLLYS12A8C13A96B,13,671.0,119.0
014d3a51b69c98100b68f52ea1941947d1f2eddd,SONHWUN12AC468C014,5,954.0,22.0
014d3a51b69c98100b68f52ea1941947d1f2eddd,SOPRMDL12A8C13CAF6,83,954.0,6636.0
014d3a51b69c98100b68f52ea1941947d1f2eddd,SOPSOHT12A67AE0235,1,954.0,43.0
014d3a51b69c98100b68f52ea1941947d1f2eddd,SOMJQPD12A8AE45E9E,5,954.0,5597.0
014d3a51b69c98100b68f52ea1941947d1f2eddd,SONMMKG12A6D4F4661,1,954.0,496.0
01c4e007680602a97e60cc26466508e0cd5cf66a,SOYIEKE12A8C141815,2,696.0,9116.0
01c4e007680602a97e60cc26466508e0cd5cf66a,SOTNHIP12AB0183131,1,696.0,104.0
01c4e007680602a97e60cc26466508e0cd5cf66a,SOHOTAA12A8AE45F43,6,696.0,979.0
01c4e007680602a97e60cc26466508e0cd5cf66a,SOYIGAY12B0B808C88,5,696.0,9118.0
01c4e007680602a97e60cc26466508e0cd5cf66a,SOXZMNC12A8C135DD5,1,696.0,1663.0
01c4e007680602a97e60cc26466508e0cd5cf66a,SOEDSPH12A8C1362D3,1,696.0,3008.0
01c4e007680602a97e60cc26466508e0cd5cf66a,SOYGBWJ12A8C13790C,5,696.0,9095.0
01c4e007680602a97e60cc26466508e0cd5cf66a,SOYROMA12A8C1374A2,1,696.0,9229.0
021a2638497fef53685ada8630e5a727cdd630d9,SOVAEKB12A8C130DD2,10,705.0,1536.0
021a2638497fef53685ada8630e5a727cdd630d9,SOQUFQQ12AB017ED68,6,705.0,1367.0
021a2638497fef53685ada8630e5a727cdd630d9,SOPTWHL12AB01843C8,6,705.0,6663.0
021a2638497fef53685ada8630e5a727cdd630d9,SOZZTNF12A8C139916,1,705.0,9602.0
021a2638497fef53685ada8630e5a727cdd630d9,SODDBVT12AB017A915,18,705.0,2685.0
021a2638497fef53685ada8630e5a727cdd630d9,SOEKHWM12AB01846F9,5,705.0,837.0
021a2638497fef53685ada8630e5a727cdd630d9,SOQGWBT12AB017E262,2,705.0,6814.0
021a2638497fef53685ada8630e5a727cdd630d9,SOBGHIW12AB017F33C,1,705.0,2126.0
0224641377c29872f02639d68e098ca0e59c4c8d,SOEHFSK12A67FFB329,1,466.0,830.0
0224641377c29872f02639d68e098ca0e59c4c8d,SOIZAZL12A6701C53B,1,466.0,1037.0
0224641377c29872f02639d68e098ca0e59c4c8d,SOQGDAC12A6D4F7A40,1,466.0,6808.0
0224641377c29872f02639d68e098ca0e59c4c8d,SOVABIW12A8C1341B9,3,466.0,8192.0
0224641377c29872f02639d68e098ca0e59c4c8d,SOVFHAQ12A8C13BAA9,2,466.0,200.0
0224641377c29872f02639d68e098ca0e59c4c8d,SOESTPV12AB01821F6,2,466.0,852.0
0224641377c29872f02639d68e098ca0e59c4c8d,SODQMDJ12A6D4FCD75,1,466.0,2838.0
0224641377c29872f02639d68e098ca0e59c4c8d,SOADQPP12A67020C82,2,466.0,113.0
0224641377c29872f02639d68e098ca0e59c4c8d,SOXRSLB12A3F1EBCFA,1,466.0,8930.0
0224641377c29872f02639d68e098ca0e59c4c8d,SOMNTMT12A8C1400F6,1,466.0,136.0
0224641377c29872f02639d68e098ca0e59c4c8d,SOOUNSU12A8AE46780,1,466.0,6361.0
0224641377c29872f02639d68e098ca0e59c4c8d,SOFFWND12A58A796B7,1,466.0,401.0
0029b299091e9e9040761838785a0689a5f67215,SOYWXZM12AB01808CA,7,236.0,9286.0
0029b299091e9e9040761838785a0689a5f67215,SOTJNSP12AB0183991,1,236.0,7751.0
0029b299091e9e9040761838785a0689a5f67215,SOICNVU12A6701FA31,1,236.0,4279.0
0029b299091e9e9040761838785a0689a5f67215,SOXZDFK12A6D4FA188,12,236.0,9012.0
0029b299091e9e9040761838785a0689a5f67215,SOFCPEE12A8C13D566,10,236.0,869.0
0029b299091e9e9040761838785a0689a5f67215,SOOEMSR12AB018EA98,8,236.0,6162.0
0029b299091e9e9040761838785a0689a5f67215,SOGNQMG12A8C133BBA,17,236.0,933.0
0029b299091e9e9040761838785a0689a5f67215,SOPQBHI12A58A777F6,5,236.0,282.0
0029b299091e9e9040761838785a0689a5f67215,SODJKIT12A58A7D6F9,10,236.0,2756.0
0029b299091e9e9040761838785a0689a5f67215,SOPWZGK12A67020744,9,236.0,6701.0
0029b299091e9e9040761838785a0689a5f67215,SOIEKQT12A8C13D205,10,236.0,4300.0
0029b299091e9e9040761838785a0689a5f67215,SOQENWM12AB017EDE0,6,236.0,537.0
0029b299091e9e9040761838785a0689a5f67215,SOMOKZB12A8C13AEDF,12,236.0,5655.0
0029b299091e9e9040761838785a0689a5f67215,SOFBGGV12AB017BDDD,1,236.0,868.0
0029b299091e9e9040761838785a0689a5f67215,SOYNVGY12A8C132EE5,18,236.0,9185.0
0029b299091e9e9040761838785a0689a5f67215,SOXJASM12A8C13BB05,9,236.0,8828.0
0029b299091e9e9040761838785a0689a5f67215,SOCJDLS12A8AE468B4,1,236.0,2460.0
0029b299091e9e9040761838785a0689a5f67215,SONEUUL12AB018EA90,14,236.0,5869.0
015614d3ec4acd1139453d67539f35665afd37a8,SOOMYAK12A8C135293,3,502.0,1272.0
015614d3ec4acd1139453d67539f35665afd37a8,SOQMTLP12AB017E9CD,1,502.0,6889.0
015614d3ec4acd1139453d67539f35665afd37a8,SOXKFVS12A58A786CC,1,502.0,8842.0
015614d3ec4acd1139453d67539f35665afd37a8,SORVROY12A8C13FD34,7,502.0,1394.0
015614d3ec4acd1139453d67539f35665afd37a8,SOJFZAR12A8C13FD64,1,502.0,4639.0
015614d3ec4acd1139453d67539f35665afd37a8,SOBOUPA12A6D4F81F1,1,502.0,6.0
015614d3ec4acd1139453d67539f35665afd37a8,SOOQVDR12AB0185FD4,6,502.0,6312.0
015614d3ec4acd1139453d67539f35665afd37a8,SOXFPND12AB017C9D1,1,502.0,20.0
015614d3ec4acd1139453d67539f35665afd37a8,SOHUVBN12A8C13FD57,1,502.0,4186.0
015614d3ec4acd1139453d67539f35665afd37a8,SOEILNZ12AAF3B3D12,2,502.0,3067.0
015614d3ec4acd1139453d67539f35665afd37a8,SOPEOGA12AB017B694,4,502.0,139.0
01372a5346e1ebf4cdeb974de238861f14104301,SOQVHQN12AB018D97D,1,104.0,6997.0
01372a5346e1ebf4cdeb974de238861f14104301,SOXBJUN12AB01827CB,1,104.0,8747.0
01372a5346e1ebf4cdeb974de238861f14104301,SOQCRHY12A8C131ABD,1,104.0,6766.0
01372a5346e1ebf4cdeb974de238861f14104301,SONNHSO12A58A7D273,1,104.0,5967.0
01372a5346e1ebf4cdeb974de238861f14104301,SOEJTDK12A8C1373CC,1,104.0,3083.0
01372a5346e1ebf4cdeb974de238861f14104301,SOFLMWG12A58A7B474,1,104.0,3388.0
01372a5346e1ebf4cdeb974de238861f14104301,SOSBDSP12AB018A0A0,1,104.0,7340.0
01372a5346e1ebf4cdeb974de238861f14104301,SOSJZHN12AB0187EC2,1,104.0,7459.0
01372a5346e1ebf4cdeb974de238861f14104301,SOKUFNM12AB018CC22,1,104.0,5123.0
01372a5346e1ebf4cdeb974de238861f14104301,SOAVKIW12A81C2300D,1,104.0,1999.0
01372a5346e1ebf4cdeb974de238861f14104301,SOTQJRS12A8C139A95,1,104.0,1478.0
01372a5346e1ebf4cdeb974de238861f14104301,SOIBSTB12A8C1322FC,1,104.0,4268.0
01372a5346e1ebf4cdeb974de238861f14104301,SOLMCBA12A58A7D746,3,104.0,5340.0
01372a5346e1ebf4cdeb974de238861f14104301,SONLZFH12A6D4F8206,1,104.0,5955.0
01372a5346e1ebf4cdeb974de238861f14104301,SODAUHK12AB01837BB,1,104.0,2654.0
01372a5346e1ebf4cdeb974de238861f14104301,SOPFVER12AB0180FEF,1,104.0,280.0
01372a5346e1ebf4cdeb974de238861f14104301,SOBBZWZ12A8C145548,1,104.0,2073.0
01372a5346e1ebf4cdeb974de238861f14104301,SOWZREA12A6701D93D,5,104.0,8726.0
01372a5346e1ebf4cdeb974de238861f14104301,SOEVXFV12A8C131196,1,104.0,3226.0
01372a5346e1ebf4cdeb974de238861f14104301,SOYMRWO12A6D4F8DAB,1,104.0,9167.0
01372a5346e1ebf4cdeb974de238861f14104301,SOPDKTK12A8C1391AE,1,104.0,6468.0
01372a5346e1ebf4cdeb974de238861f14104301,SOGSQIJ12A58A7A822,1,104.0,3829.0
01372a5346e1ebf4cdeb974de238861f14104301,SOWRJTZ12AB018DF97,1,104.0,8635.0
01372a5346e1ebf4cdeb974de238861f14104301,SOLCHDA12A8C13C0A8,3,104.0,5225.0
01372a5346e1ebf4cdeb974de238861f14104301,SOMMJUQ12AF72A5931,1,104.0,1177.0
01b45cb6186c46d96b07798bf3ae81bdf4ccda94,SOBONKR12A58A7A7E0,1,562.0,5.0
01b45cb6186c46d96b07798bf3ae81bdf4ccda94,SOUFTBI12AB0183F65,1,562.0,21.0
01b45cb6186c46d96b07798bf3ae81bdf4ccda94,SORXLCB12A67020B3C,1,562.0,7305.0
01b45cb6186c46d96b07798bf3ae81bdf4ccda94,SORQGDD12A8C143BD7,1,562.0,7219.0
01b45cb6186c46d96b07798bf3ae81bdf4ccda94,SOWRREB12A6D4FA7CB,2,562.0,39.0
01b45cb6186c46d96b07798bf3ae81bdf4ccda94,SOVBMGP12A8C13CE01,1,562.0,8209.0
01b45cb6186c46d96b07798bf3ae81bdf4ccda94,SOXBCZH12A67ADAD77,1,562.0,613.0
01b45cb6186c46d96b07798bf3ae81bdf4ccda94,SOEVCPD12AF72A3232,1,562.0,857.0
01b45cb6186c46d96b07798bf3ae81bdf4ccda94,SOEBWPL12A6310D958,1,562.0,817.0
01b45cb6186c46d96b07798bf3ae81bdf4ccda94,SORPZAL12A8C13F57D,1,562.0,7214.0
00e901966381db162258b284df4a5af38f64e70a,SOJANXN12A67AE1F28,1,436.0,4569.0
00e901966381db162258b284df4a5af38f64e70a,SOUHPCH12A8C1397DE,1,436.0,7998.0
00e901966381db162258b284df4a5af38f64e70a,SORWIAY12A58A7BFC8,1,436.0,1396.0
00e901966381db162258b284df4a5af38f64e70a,SOPMDSY12AF72A0C6F,1,436.0,1309.0
00e901966381db162258b284df4a5af38f64e70a,SORSZAY12AB0185763,1,436.0,7249.0
00e901966381db162258b284df4a5af38f64e70a,SOZHSIV12A6310E85A,1,436.0,9415.0
00e901966381db162258b284df4a5af38f64e70a,SOODDZN12A582918BE,1,436.0,6143.0
00e901966381db162258b284df4a5af38f64e70a,SOQLUTQ12A8AE48037,1,436.0,542.0
00e901966381db162258b284df4a5af38f64e70a,SOQUDQO12AB0185620,1,436.0,6982.0
00e901966381db162258b284df4a5af38f64e70a,SOSZXMC12A6D4F7BE5,1,436.0,7641.0
00e901966381db162258b284df4a5af38f64e70a,SOOGANI12A8C139E6B,1,436.0,6184.0
00e901966381db162258b284df4a5af38f64e70a,SOBILME12A6701EEAB,1,436.0,2148.0
00014a76ed063e1a749171a253bca9d9a0ff1782,SORHASY12A6D4F8664,1,468.0,7129.0
00014a76ed063e1a749171a253bca9d9a0ff1782,SOIZOGF12A6D4F866A,2,468.0,4558.0
00014a76ed063e1a749171a253bca9d9a0ff1782,SOEWNJA12A67AE110B,1,468.0,123.0
00014a76ed063e1a749171a253bca9d9a0ff1782,SOXQRWT12A6D4F867A,1,468.0,8924.0
00014a76ed063e1a749171a253bca9d9a0ff1782,SOOYWQZ12AB018AAF2,1,468.0,6415.0
00014a76ed063e1a749171a253bca9d9a0ff1782,SORGONC12A8C144CCE,1,468.0,7125.0
00014a76ed063e1a749171a253bca9d9a0ff1782,SOCCSRQ12AB01828CE,10,468.0,2385.0
00014a76ed063e1a749171a253bca9d9a0ff1782,SOJOYQG12A8C1443B1,1,468.0,1061.0
00014a76ed063e1a749171a253bca9d9a0ff1782,SOTCMDJ12A6D4F8528,4,468.0,45.0
00014a76ed063e1a749171a253bca9d9a0ff1782,SOODZZZ12A6D4F7567,1,468.0,6155.0
00014a76ed063e1a749171a253bca9d9a0ff1782,SOBQBIX12A6D4F8653,1,468.0,2230.0
001ac18f239ceca07c4ddef652ba9308d12d077b,SODJWHY12A8C142CCE,1,345.0,7.0
001ac18f239ceca07c4ddef652ba9308d12d077b,SOEAXWT12A6D4F997C,1,345.0,2974.0
001ac18f239ceca07c4ddef652ba9308d12d077b,SOFQQSJ12A5891DB68,14,345.0,888.0
001ac18f239ceca07c4ddef652ba9308d12d077b,SONQCXC12A6D4F6A37,1,345.0,62.0
001ac18f239ceca07c4ddef652ba9308d12d077b,SOAODHY12A8C13C8B5,1,345.0,662.0
001ac18f239ceca07c4ddef652ba9308d12d077b,SOYRRNW12AB017FC36,2,345.0,1686.0
001ac18f239ceca07c4ddef652ba9308d12d077b,SOWRMCR12A8C13BA98,5,345.0,1607.0
001ac18f239ceca07c4ddef652ba9308d12d077b,SOIBBRA12A8C13BA94,4,345.0,4256.0
001ac18f239ceca07c4ddef652ba9308d12d077b,SOWBTPS12A6D4FA5BE,4,345.0,312.0
001ac18f239ceca07c4ddef652ba9308d12d077b,SOGJNXJ12A6D4F9271,3,345.0,3706.0
001ac18f239ceca07c4ddef652ba9308d12d077b,SONVPTP12A6D4F7A34,14,345.0,1244.0
001ac18f239ceca07c4ddef652ba9308d12d077b,SOOVBAQ12A6D4F7914,11,345.0,6368.0
001ac18f239ceca07c4ddef652ba9308d12d077b,SOOLYZQ12A6D4FA5B7,1,345.0,276.0
001ac18f239ceca07c4ddef652ba9308d12d077b,SOESJHB12A8C13F5A5,5,345.0,3184.0
021b12da6853b4a174cb3721b1ea62bc4782bc66,SONHVVE12AB018D038,2,995.0,60.0
021b12da6853b4a174cb3721b1ea62bc4782bc66,SOUVTSM12AC468F6A7,2,995.0,19.0
021b12da6853b4a174cb3721b1ea62bc4782bc66,SOAUWYT12A81C206F1,24,995.0,1.0
021b12da6853b4a174cb3721b1ea62bc4782bc66,SOUYXJU12A8AE45993,1,995.0,308.0
021b12da6853b4a174cb3721b1ea62bc4782bc66,SOUSMXX12AB0185C24,1,995.0,15.0
014bacaaba0bc1a5322fc45975518c60beb86366,SOVYHGO12A8AE47618,1,839.0,8440.0
014bacaaba0bc1a5322fc45975518c60beb86366,SOWBTPS12A6D4FA5BE,1,839.0,312.0
014bacaaba0bc1a5322fc45975518c60beb86366,SODFYFM12A6D4F87FD,1,839.0,2721.0
014bacaaba0bc1a5322fc45975518c60beb86366,SOREPVE12A8AE47631,1,839.0,7106.0
014bacaaba0bc1a5322fc45975518c60beb86366,SOMGXRE12A6D4F9536,1,839.0,5572.0
014bacaaba0bc1a5322fc45975518c60beb86366,SOJGIUN12A6BD55B8E,1,839.0,4646.0
0167cc883d97e4e310b36cde94a1ffbf4c4da97a,SOMOLGV12A58A7C960,1,617.0,5656.0
0167cc883d97e4e310b36cde94a1ffbf4c4da97a,SORRQLS12A81C20B79,1,617.0,7231.0
0167cc883d97e4e310b36cde94a1ffbf4c4da97a,SOPCBRK12A8C13C9F3,1,617.0,6454.0
0167cc883d97e4e310b36cde94a1ffbf4c4da97a,SOAMIQK12A6701D94F,1,617.0,68.0
0167cc883d97e4e310b36cde94a1ffbf4c4da97a,SOUPIVM12B0B80BD29,1,617.0,8085.0
0167cc883d97e4e310b36cde94a1ffbf4c4da97a,SOIHJSD12A6701EB04,1,617.0,1005.0
0167cc883d97e4e310b36cde94a1ffbf4c4da97a,SOITJKQ12A8C13BEA1,1,617.0,4483.0
0167cc883d97e4e310b36cde94a1ffbf4c4da97a,SOBBNYW12A81C20B85,1,617.0,2066.0
0167cc883d97e4e310b36cde94a1ffbf4c4da97a,SOAQRBB12A81C22181,1,617.0,1939.0
0218318e7de644c5b93252f0c8d7356552a0b6fd,SOJMQVV12A8C1368AE,5,703.0,4709.0
0218318e7de644c5b93252f0c8d7356552a0b6fd,SOUOCRG12A67AE0E17,4,703.0,1513.0
0218318e7de644c5b93252f0c8d7356552a0b6fd,SOWQOMG12A6701D1F3,2,703.0,1606.0
0218318e7de644c5b93252f0c8d7356552a0b6fd,SONZDQD12A58A7C421,2,703.0,1249.0
0218318e7de644c5b93252f0c8d7356552a0b6fd,SOSEBVP12A6D4F9CBB,1,703.0,1410.0
0218318e7de644c5b93252f0c8d7356552a0b6fd,SOTSJBD12A670214A4,1,703.0,578.0
0218318e7de644c5b93252f0c8d7356552a0b6fd,SORTERB12AB017F037,5,703.0,7252.0
0218318e7de644c5b93252f0c8d7356552a0b6fd,SOCUQMK12A8C135B78,3,703.0,763.0
003443fd56d90afb1de6645797a832fd07b439f5,SOQOJMG12AF729F1FF,1,890.0,6907.0
003443fd56d90afb1de6645797a832fd07b439f5,SOSCIZP12AB0181D2F,2,890.0,54.0
003443fd56d90afb1de6645797a832fd07b439f5,SOFZHEQ12A58A7B69D,1,890.0,3570.0
003443fd56d90afb1de6645797a832fd07b439f5,SOLFXKT12AB017E3E0,2,890.0,11.0
003443fd56d90afb1de6645797a832fd07b439f5,SOVYTXK12AB01800F5,2,890.0,203.0
0008c5592e089fff5a99c4bd1ef4c2fc1a7bf2a8,SOFINSL12AF729F063,9,275.0,3353.0
0008c5592e089fff5a99c4bd1ef4c2fc1a7bf2a8,SOZAYVI12A8C134061,1,275.0,9333.0
0008c5592e089fff5a99c4bd1ef4c2fc1a7bf2a8,SOPWVTH12AB01843CE,1,275.0,534.0
0008c5592e089fff5a99c4bd1ef4c2fc1a7bf2a8,SOERWDN12A8C140DA5,1,275.0,3179.0
0008c5592e089fff5a99c4bd1ef4c2fc1a7bf2a8,SOWSDET12A8C140DA1,1,275.0,8643.0
0008c5592e089fff5a99c4bd1ef4c2fc1a7bf2a8,SONIAKP12A8C130514,2,275.0,495.0
0008c5592e089fff5a99c4bd1ef4c2fc1a7bf2a8,SOGQJKF12A8C13729E,1,275.0,415.0
0008c5592e089fff5a99c4bd1ef4c2fc1a7bf2a8,SOGIOWQ12A67020686,4,275.0,3693.0
0008c5592e089fff5a99c4bd1ef4c2fc1a7bf2a8,SOLRGVL12A8C143BC3,4,275.0,59.0
0008c5592e089fff5a99c4bd1ef4c2fc1a7bf2a8,SOZKLQR12AF72A45C9,2,275.0,1716.0
0008c5592e089fff5a99c4bd1ef4c2fc1a7bf2a8,SOBOLEI12A58A7E386,1,275.0,2205.0
0008c5592e089fff5a99c4bd1ef4c2fc1a7bf2a8,SOYLZGN12A58A79857,1,275.0,9160.0
0008c5592e089fff5a99c4bd1ef4c2fc1a7bf2a8,SOTKIJW12A8AE4527E,1,275.0,1471.0
0008c5592e089fff5a99c4bd1ef4c2fc1a7bf2a8,SODUGLL12A58A7A92C,1,275.0,800.0
0008c5592e089fff5a99c4bd1ef4c2fc1a7bf2a8,SOUSKZE12A6D4FC70C,3,275.0,1519.0
0008c5592e089fff5a99c4bd1ef4c2fc1a7bf2a8,SOIDEPI12A6D4F98D2,8,275.0,241.0
00368ec2f1ed8496ea085de2b338c314b6aa2c06,SOXVGVA12AB018950D,1,54.0,8971.0
00368ec2f1ed8496ea085de2b338c314b6aa2c06,SOIYWPZ12A81C204EF,1,54.0,1036.0
00368ec2f1ed8496ea085de2b338c314b6aa2c06,SOEBGYH12A81C22B00,2,54.0,387.0
00368ec2f1ed8496ea085de2b338c314b6aa2c06,SOUCBEB12A6310E1F9,26,54.0,80.0
00368ec2f1ed8496ea085de2b338c314b6aa2c06,SOZODMP12AB018061F,1,54.0,9468.0
00368ec2f1ed8496ea085de2b338c314b6aa2c06,SOXONIW12A8C1390D8,2,54.0,321.0
00368ec2f1ed8496ea085de2b338c314b6aa2c06,SOCHKAZ12A58A77F33,2,54.0,358.0
00368ec2f1ed8496ea085de2b338c314b6aa2c06,SOITKYO12A8C13B3D5,1,54.0,4484.0
00368ec2f1ed8496ea085de2b338c314b6aa2c06,SOKJQGO12AF72ACA9F,1,54.0,5008.0
00368ec2f1ed8496ea085de2b338c314b6aa2c06,SODVWOV12A6D4FB6D2,1,54.0,383.0
00368ec2f1ed8496ea085de2b338c314b6aa2c06,SOTVZIB12A6D4F694A,20,54.0,1489.0
00368ec2f1ed8496ea085de2b338c314b6aa2c06,SOKEMEF12A6D4F9403,1,54.0,4945.0
00368ec2f1ed8496ea085de2b338c314b6aa2c06,SOCHXTG12A58A779A0,1,54.0,737.0
00368ec2f1ed8496ea085de2b338c314b6aa2c06,SOUATLJ12A6D4F6C13,3,54.0,7921.0
00368ec2f1ed8496ea085de2b338c314b6aa2c06,SOKKSTU12A6D4F9A09,3,54.0,5018.0
00368ec2f1ed8496ea085de2b338c314b6aa2c06,SOERTOA12A81C204F3,1,54.0,851.0
00368ec2f1ed8496ea085de2b338c314b6aa2c06,SOBADEB12AB018275F,1,54.0,70.0
00368ec2f1ed8496ea085de2b338c314b6aa2c06,SOQJHUW12AB0188A24,2,54.0,187.0
00368ec2f1ed8496ea085de2b338c314b6aa2c06,SODKNEG12A67ADE66B,2,54.0,2771.0
00368ec2f1ed8496ea085de2b338c314b6aa2c06,SOUNJIO12AB0181339,11,54.0,26.0
00368ec2f1ed8496ea085de2b338c314b6aa2c06,SODEVXZ12A67020A45,2,54.0,2705.0
00368ec2f1ed8496ea085de2b338c314b6aa2c06,SOTRCST12A8C13D2B4,1,54.0,7816.0
00368ec2f1ed8496ea085de2b338c314b6aa2c06,SOIAMAG12A6701DCFC,2,54.0,239.0
00368ec2f1ed8496ea085de2b338c314b6aa2c06,SOMGVYU12A8C1314FF,26,54.0,51.0
00368ec2f1ed8496ea085de2b338c314b6aa2c06,SOBTUWP12AF72A152D,1,54.0,2278.0
00368ec2f1ed8496ea085de2b338c314b6aa2c06,SOAOPCG12AC468D27E,3,54.0,213.0
00368ec2f1ed8496ea085de2b338c314b6aa2c06,SOTULEI12A58A7CB72,1,54.0,7858.0
00368ec2f1ed8496ea085de2b338c314b6aa2c06,SOXGIWN12A6310E0D8,3,54.0,614.0
00368ec2f1ed8496ea085de2b338c314b6aa2c06,SOQIGKQ12A58A7CD0E,12,54.0,6835.0
0041156565a6b710dd3bca618684c91ca4f12804,SOMOKCH12A8159E8A0,1,529.0,1186.0
0041156565a6b710dd3bca618684c91ca4f12804,SOATHTW12A58A7EDB5,1,529.0,1969.0
0041156565a6b710dd3bca618684c91ca4f12804,SOSJMUI12A6D4F9827,1,529.0,7451.0
0041156565a6b710dd3bca618684c91ca4f12804,SOYYCCP12A6701E050,1,529.0,9304.0
0041156565a6b710dd3bca618684c91ca4f12804,SOXEPDO12A58A7D0D7,1,529.0,1632.0
0041156565a6b710dd3bca618684c91ca4f12804,SODKVUC12A8159E8AF,1,529.0,789.0
0041156565a6b710dd3bca618684c91ca4f12804,SOMORRM12A8159E8A4,1,529.0,5660.0
0041156565a6b710dd3bca618684c91ca4f12804,SOXEUHC12A8159E8AA,1,529.0,8787.0
0041156565a6b710dd3bca618684c91ca4f12804,SOGABXH12AB01814C5,1,529.0,906.0
0041156565a6b710dd3bca618684c91ca4f12804,SOMXAEG12AF72A294D,2,529.0,5774.0
0053c661c1ff53bf584c3672b036542199df194a,SOHYLXU12A8C139492,1,893.0,434.0
0053c661c1ff53bf584c3672b036542199df194a,SOFLJQZ12A6D4FADA6,7,893.0,9.0
0053c661c1ff53bf584c3672b036542199df194a,SOAUWYT12A81C206F1,9,893.0,1.0
0053c661c1ff53bf584c3672b036542199df194a,SOOSCPN12AB0186AF2,1,893.0,519.0
0053c661c1ff53bf584c3672b036542199df194a,SOPSOHT12A67AE0235,1,893.0,43.0
0225648099019b3f6b99182de7b00feac1168115,SOGFKJE12A8C138D6A,14,342.0,920.0
0225648099019b3f6b99182de7b00feac1168115,SOZCDWG12A6D4F81E1,1,342.0,86.0
0225648099019b3f6b99182de7b00feac1168115,SOIYNJG12AB01810B2,1,342.0,445.0
0225648099019b3f6b99182de7b00feac1168115,SOTKYBW12A8C13C3EA,6,342.0,143.0
0225648099019b3f6b99182de7b00feac1168115,SOMCAFM12A58A7B024,1,342.0,76.0
0225648099019b3f6b99182de7b00feac1168115,SOIXXSG12A8C13C400,7,342.0,443.0
0225648099019b3f6b99182de7b00feac1168115,SOQOAIZ12A8C1437BE,4,342.0,6904.0
0225648099019b3f6b99182de7b00feac1168115,SOHPKAG12AB017D2AF,1,342.0,980.0
0225648099019b3f6b99182de7b00feac1168115,SOVPDKK12A8C138DA5,7,342.0,1560.0
0225648099019b3f6b99182de7b00feac1168115,SOFWMNN12A8C13C3F2,6,342.0,3534.0
0225648099019b3f6b99182de7b00feac1168115,SONAZWN12A8151C957,7,342.0,490.0
0225648099019b3f6b99182de7b00feac1168115,SOJEVHC12A8C13C3E5,6,342.0,4626.0
0225648099019b3f6b99182de7b00feac1168115,SOENFPL12A58A793FB,5,342.0,3130.0
0225648099019b3f6b99182de7b00feac1168115,SOLVNYY12AB0181D2E,4,342.0,5445.0
0225648099019b3f6b99182de7b00feac1168115,SOHASBP12A8C13C3EE,5,342.0,236.0
004a8a7e06ed67e6bbf11377cefbad127f5891c6,SOBTUTU12A6701F301,1,349.0,349.0
004a8a7e06ed67e6bbf11377cefbad127f5891c6,SOCSPUV12A6D4F8982,3,349.0,2571.0
004a8a7e06ed67e6bbf11377cefbad127f5891c6,SODEGIQ12A6D4FC6E3,6,349.0,118.0
004a8a7e06ed67e6bbf11377cefbad127f5891c6,SODOJMS12A58A756CC,12,349.0,2814.0
004a8a7e06ed67e6bbf11377cefbad127f5891c6,SOESTPV12AB01821F6,5,349.0,852.0
004a8a7e06ed67e6bbf11377cefbad127f5891c6,SODCLQR12A67AE110D,1,349.0,160.0
004a8a7e06ed67e6bbf11377cefbad127f5891c6,SOCPTWE12A6701E2F8,5,349.0,220.0
004a8a7e06ed67e6bbf11377cefbad127f5891c6,SOCJQZT12AC3DF98B9,4,349.0,2463.0
004a8a7e06ed67e6bbf11377cefbad127f5891c6,SOWFVNL12A81C20D2C,10,349.0,8524.0
004a8a7e06ed67e6bbf11377cefbad127f5891c6,SOFOQAO12A8C14203B,1,349.0,3424.0
004a8a7e06ed67e6bbf11377cefbad127f5891c6,SOCSRYF12A8AE458AE,2,349.0,2572.0
004a8a7e06ed67e6bbf11377cefbad127f5891c6,SOCAKKQ12AB01815E7,10,349.0,2359.0
004a8a7e06ed67e6bbf11377cefbad127f5891c6,SOXDTMQ12A6D4FA12F,1,349.0,8775.0
004a8a7e06ed67e6bbf11377cefbad127f5891c6,SONDBUE12A58A75F7A,1,349.0,5841.0
0044dfdf6279ae77da185a00df00015c9c747fb9,SOWZKDH12A6310F998,1,191.0,1619.0
0044dfdf6279ae77da185a00df00015c9c747fb9,SOGZNLT12A8AE48AE9,1,191.0,3930.0
0044dfdf6279ae77da185a00df00015c9c747fb9,SOWAYLE12A58A7C557,2,191.0,8473.0
0044dfdf6279ae77da185a00df00015c9c747fb9,SONJVYU12A8AE44F9E,1,191.0,5931.0
0044dfdf6279ae77da185a00df00015c9c747fb9,SOOQOSK12A8C135644,1,191.0,6306.0
0044dfdf6279ae77da185a00df00015c9c747fb9,SOANCHX12A8C139C27,1,191.0,1889.0
0044dfdf6279ae77da185a00df00015c9c747fb9,SOAJAFJ12A58A7B75A,21,191.0,211.0
0044dfdf6279ae77da185a00df00015c9c747fb9,SOMAIEW12A6D4F591E,2,191.0,5499.0
0044dfdf6279ae77da185a00df00015c9c747fb9,SOZVHUQ12AB0182599,5,191.0,9553.0
0044dfdf6279ae77da185a00df00015c9c747fb9,SOWFCZA12AB017FE8D,1,191.0,8516.0
0044dfdf6279ae77da185a00df00015c9c747fb9,SOJCJMI12A6D4F88C2,1,191.0,4591.0
0044dfdf6279ae77da185a00df00015c9c747fb9,SODEIFT12AB0189E54,1,191.0,2700.0
0044dfdf6279ae77da185a00df00015c9c747fb9,SODDFXT12AB0180018,2,191.0,2688.0
0044dfdf6279ae77da185a00df00015c9c747fb9,SOVJGGI12A58A76465,1,191.0,8291.0
0044dfdf6279ae77da185a00df00015c9c747fb9,SOMDBJK12A6D4F873A,1,191.0,1168.0
0044dfdf6279ae77da185a00df00015c9c747fb9,SOGYPXH12AB0183A3C,3,191.0,3917.0
0044dfdf6279ae77da185a00df00015c9c747fb9,SOIUEZX12A67AD866A,5,191.0,4491.0
0044dfdf6279ae77da185a00df00015c9c747fb9,SOPVRVO12AF729EEC9,1,191.0,6688.0
0044dfdf6279ae77da185a00df00015c9c747fb9,SOQTYSP12A6D4F8979,1,191.0,6976.0
0044dfdf6279ae77da185a00df00015c9c747fb9,SOAZWXE12AB017FFFD,2,191.0,2048.0
01d34f8853f29e47ea17039ec31c5d729eb5da6b,SOAEKIE12A6701FEAD,1,769.0,1787.0
01d34f8853f29e47ea17039ec31c5d729eb5da6b,SOGJWEA12A6D4F9B41,1,769.0,3707.0
01d34f8853f29e47ea17039ec31c5d729eb5da6b,SOMTLPL12A6702085A,1,769.0,180.0
01d34f8853f29e47ea17039ec31c5d729eb5da6b,SOAIVWY12A6D4F6A4A,1,769.0,1827.0
01d34f8853f29e47ea17039ec31c5d729eb5da6b,SOJCBGS12AB01880F1,1,769.0,4588.0
01d34f8853f29e47ea17039ec31c5d729eb5da6b,SOHAVKZ12AF72A05C3,1,769.0,957.0
01d34f8853f29e47ea17039ec31c5d729eb5da6b,SOZXBVL12AB0184D35,1,769.0,1734.0
001facc86749a0c02d628e2767c7b387ce57d5cd,SOFRQTD12A81C233C0,17,885.0,0.0
001facc86749a0c02d628e2767c7b387ce57d5cd,SORZLWZ12A58A7F5D8,1,885.0,7325.0
001facc86749a0c02d628e2767c7b387ce57d5cd,SOFZVRZ12A8C1328B8,10,885.0,3576.0
001facc86749a0c02d628e2767c7b387ce57d5cd,SOSLXEH12A67ADBED9,9,885.0,566.0
001facc86749a0c02d628e2767c7b387ce57d5cd,SOAXGDH12A8C13F8A1,5,885.0,2.0
01782ddb3f988b20cf55952b2b0c058f1c73c125,SOKUTUM12A6701D9CD,5,451.0,464.0
01782ddb3f988b20cf55952b2b0c058f1c73c125,SOXDRDR12AB0182FF3,7,451.0,8774.0
01782ddb3f988b20cf55952b2b0c058f1c73c125,SOILFUU12AB017C75F,1,451.0,125.0
01782ddb3f988b20cf55952b2b0c058f1c73c125,SOJQPGT12A8C13D67E,1,451.0,4755.0
01782ddb3f988b20cf55952b2b0c058f1c73c125,SOXQYSC12A6310E908,5,451.0,27.0
01782ddb3f988b20cf55952b2b0c058f1c73c125,SOXWYZP12AF72A42A6,4,451.0,111.0
01782ddb3f988b20cf55952b2b0c058f1c73c125,SODYWBD12A8C139845,2,451.0,2949.0
01782ddb3f988b20cf55952b2b0c058f1c73c125,SOAKMDU12A8C1346A9,1,451.0,114.0
01782ddb3f988b20cf55952b2b0c058f1c73c125,SOWEJXA12A6701C574,6,451.0,109.0
01782ddb3f988b20cf55952b2b0c058f1c73c125,SOUVTSM12AC468F6A7,2,451.0,19.0
01782ddb3f988b20cf55952b2b0c058f1c73c125,SOARUPP12AB01842E0,7,451.0,155.0
01782ddb3f988b20cf55952b2b0c058f1c73c125,SOYRYJW12AB0187A89,1,451.0,9236.0
01c0b918d8949d2031e6cd4f276617d35ebacaab,SOUWKJS12A6701DE7E,1,855.0,8153.0
01c0b918d8949d2031e6cd4f276617d35ebacaab,SOKWHEE12A6D4FA525,1,855.0,5143.0
01c0b918d8949d2031e6cd4f276617d35ebacaab,SOBQATF12AB0180162,1,855.0,2228.0
01c0b918d8949d2031e6cd4f276617d35ebacaab,SOPHXDB12AB018017D,2,855.0,6528.0
01c0b918d8949d2031e6cd4f276617d35ebacaab,SOCRAYM12A8C135EF9,2,855.0,2549.0
01c0b918d8949d2031e6cd4f276617d35ebacaab,SOPFDJX12A8C13BBE2,1,855.0,6486.0
00c789bb0332fae4cfc05c3121b282274c177dcb,SONYXNK12A6D4F9CF2,4,175.0,6092.0
00c789bb0332fae4cfc05c3121b282274c177dcb,SOPDWCR12A8C140446,1,175.0,525.0
00c789bb0332fae4cfc05c3121b282274c177dcb,SOUFTBI12AB0183F65,1,175.0,21.0
00c789bb0332fae4cfc05c3121b282274c177dcb,SOWEHOM12A6BD4E09E,1,175.0,38.0
00c789bb0332fae4cfc05c3121b282274c177dcb,SOQJHUW12AB0188A24,11,175.0,187.0
00c789bb0332fae4cfc05c3121b282274c177dcb,SOAPAXV12AF72A574E,3,175.0,1915.0
00c789bb0332fae4cfc05c3121b282274c177dcb,SOGPIRB12A8C1402F0,1,175.0,3776.0
00c789bb0332fae4cfc05c3121b282274c177dcb,SORBBBO12A67AE111A,7,175.0,7063.0
00c789bb0332fae4cfc05c3121b282274c177dcb,SONYOLK12AB0180D03,2,175.0,6086.0
00c789bb0332fae4cfc05c3121b282274c177dcb,SOLCJMY12A8C13205D,15,175.0,1130.0
00c789bb0332fae4cfc05c3121b282274c177dcb,SOQUJLT12A8C141F8A,3,175.0,6986.0
00c789bb0332fae4cfc05c3121b282274c177dcb,SONIJFN12A6D4F7A7A,2,175.0,1222.0
00c789bb0332fae4cfc05c3121b282274c177dcb,SOEXLWU12AB018AEE0,1,175.0,3245.0
00c789bb0332fae4cfc05c3121b282274c177dcb,SOYCCWK12A8C13635B,1,175.0,9047.0
00c789bb0332fae4cfc05c3121b282274c177dcb,SORLVQR12A81C23375,2,175.0,1385.0
00c789bb0332fae4cfc05c3121b282274c177dcb,SONNEGO12A8C13AF64,1,175.0,5966.0
00c789bb0332fae4cfc05c3121b282274c177dcb,SOMKWCB12AB01868DE,5,175.0,5617.0
00c789bb0332fae4cfc05c3121b282274c177dcb,SORAQZS12AB018562F,2,175.0,7056.0
00c789bb0332fae4cfc05c3121b282274c177dcb,SOIIPQA12A8C12FA34,1,175.0,4349.0
00c789bb0332fae4cfc05c3121b282274c177dcb,SOCHYVZ12A6D4F5908,2,175.0,361.0
00c789bb0332fae4cfc05c3121b282274c177dcb,SONZWBP12AB018BB4B,1,175.0,6106.0
